Kernel Name,VLSU Ports,Function Units,Vector Length,X_dim,Y_dim,Num Core Per Cluster,Num Vector Unit Per Cluster,Bank Width,Bank Num,Peak Performance (GFLOP/s),Peak Bandwidth (GB/s),Achieved Performance (GFLOP/s),Achieved Bandwidth (GB/s),Operational Intensity (FLOP/byte),Execution Time (us),Total FLOPs,Total Bytes,Roofline (GFLOP/s),Vector Bandwidth,Bank Bandwidth,Bandwidth,Compute,Roofline (GFLOP/s) v2,Roofline (GFLOP/s) v3,Performance % of Roofline,Performance % of Roofline Bank
l1_matrix_add,32,64,8192,16384,2,2,1,32,32,128.0,128.0,4.673468354466487,43.81,0.0833,1402.299,6553600,78643200,10.6624,128000000000.0,128000000000.0,128000000000.0,128000000000.0,10.6624,10.6624,43.8312983424603,43.8312983424603
l1_matrix_add,32,64,8192,16384,2,2,1,64,64,128.0,128.0,3.27248196005371,30.68,0.0833,2002.639,6553600,78643200,10.6624,128000000000.0,512000000000.0,128000000000.0,128000000000.0,42.6496,5.3312,30.691795093540946,7.672948773385237
l1_matrix_add,32,64,8192,16384,2,2,1,32,256,128.0,128.0,8.7763514183096,82.28,0.0833,746.734,6553600,78643200,10.6624,128000000000.0,1024000000000.0,128000000000.0,128000000000.0,85.2992,1.3328,82.31121903426622,10.288902379283277
l1_matrix_add,32,16,8192,16384,2,1,1,32,32,32.0,128.0,3.2725603980043863,30.68,0.0833,2002.591,6553600,78643200,10.6624,128000000000.0,128000000000.0,128000000000.0,32000000000.0,10.6624,10.6624,30.692530743588556,30.692530743588556
l1_matrix_add,32,32,8192,16384,2,1,1,32,32,64.0,128.0,4.662128034943197,43.71,0.0833,1405.71,6553600,78643200,10.6624,128000000000.0,128000000000.0,128000000000.0,64000000000.0,10.6624,10.6624,43.72494030371396,43.72494030371396
l1_matrix_add,32,64,8192,16384,2,1,1,32,32,128.0,128.0,4.66223416742668,43.71,0.0833,1405.678,6553600,78643200,10.6624,128000000000.0,128000000000.0,128000000000.0,128000000000.0,10.6624,10.6624,43.725935693902684,43.725935693902684
l1_matrix_add,64,16,8192,16384,2,1,1,32,32,32.0,128.0,5.842336435351058,54.77,0.0833,1121.743,6553600,78643200,10.6624,256000000000.0,128000000000.0,128000000000.0,32000000000.0,10.6624,32.0,54.79382161006019,54.79382161006019
l1_matrix_add,64,32,8192,16384,2,1,1,32,32,64.0,128.0,5.957227874692418,55.85,0.0833,1100.109,6553600,78643200,10.6624,256000000000.0,128000000000.0,128000000000.0,64000000000.0,10.6624,42.6496,55.87135986918909,55.87135986918909
l1_matrix_add,64,64,8192,16384,2,1,1,32,32,128.0,128.0,5.692619729075915,53.37,0.0833,1151.245,6553600,78643200,10.6624,256000000000.0,128000000000.0,128000000000.0,128000000000.0,10.6624,42.6496,53.38966582641727,53.38966582641727
l1_matrix_add,32,16,8192,16384,2,2,1,32,32,32.0,128.0,4.586282162444356,43.0,0.0833,1428.957,6553600,78643200,10.6624,128000000000.0,128000000000.0,128000000000.0,32000000000.0,10.6624,10.6624,43.01360071320112,43.01360071320112
l1_matrix_add,32,32,8192,16384,2,2,1,32,32,64.0,128.0,4.673361709895881,43.81,0.0833,1402.331,6553600,78643200,10.6624,128000000000.0,128000000000.0,128000000000.0,64000000000.0,10.6624,10.6624,43.8302981495337,43.8302981495337
l1_matrix_add,32,64,8192,16384,2,2,1,32,32,128.0,128.0,4.673468354466487,43.81,0.0833,1402.299,6553600,78643200,10.6624,128000000000.0,128000000000.0,128000000000.0,128000000000.0,10.6624,10.6624,43.8312983424603,43.8312983424603
l1_matrix_add,64,16,8192,16384,2,2,1,32,32,32.0,128.0,4.105139065845338,38.49,0.0833,1596.438,6553600,78643200,10.6624,256000000000.0,128000000000.0,128000000000.0,32000000000.0,10.6624,32.0,38.501079173969636,38.501079173969636
l1_matrix_add,64,32,8192,16384,2,2,1,32,32,64.0,128.0,5.9755819572729845,56.02,0.0833,1096.73,6553600,78643200,10.6624,256000000000.0,128000000000.0,128000000000.0,64000000000.0,10.6624,42.6496,56.04349824873372,56.04349824873372
l1_matrix_add,64,64,8192,16384,2,2,1,32,32,128.0,128.0,5.709377226958548,53.53,0.0833,1147.866,6553600,78643200,10.6624,256000000000.0,128000000000.0,128000000000.0,128000000000.0,10.6624,42.6496,53.54683023483032,53.54683023483032
l1_matrix_add,32,16,8192,16384,2,4,1,32,32,32.0,128.0,4.586230810519163,43.0,0.0833,1428.973,6553600,78643200,10.6624,128000000000.0,128000000000.0,128000000000.0,32000000000.0,10.6624,10.6624,43.013119096255664,43.013119096255664
l1_matrix_add,32,32,8192,16384,2,4,1,32,32,64.0,128.0,3.2725603980043863,30.68,0.0833,2002.591,6553600,78643200,10.6624,128000000000.0,128000000000.0,128000000000.0,64000000000.0,10.6624,10.6624,30.692530743588556,30.692530743588556
l1_matrix_add,32,64,8192,16384,2,4,1,32,32,128.0,128.0,4.686756922399188,43.94,0.0833,1398.323,6553600,78643200,10.6624,128000000000.0,128000000000.0,128000000000.0,128000000000.0,10.6624,10.6624,43.95592851889995,43.95592851889995
l1_matrix_add,64,16,8192,16384,2,4,1,32,32,32.0,128.0,5.84221664767875,54.77,0.0833,1121.766,6553600,78643200,10.6624,256000000000.0,128000000000.0,128000000000.0,32000000000.0,10.6624,32.0,54.792698151248786,54.792698151248786
l1_matrix_add,64,32,8192,16384,2,4,1,32,32,64.0,128.0,5.997324191904126,56.22,0.0833,1092.754,6553600,78643200,10.6624,256000000000.0,128000000000.0,128000000000.0,64000000000.0,10.6624,42.6496,56.24741326440695,56.24741326440695
l1_matrix_add,64,64,8192,16384,2,4,1,32,32,128.0,128.0,5.729222215422812,53.71,0.0833,1143.89,6553600,78643200,10.6624,256000000000.0,128000000000.0,128000000000.0,128000000000.0,10.6624,42.6496,53.73295145016893,53.73295145016893
l1_matrix_add,32,16,8192,16384,2,8,1,32,32,32.0,128.0,4.586012577665723,42.99,0.0833,1429.041,6553600,78643200,10.6624,128000000000.0,128000000000.0,128000000000.0,32000000000.0,10.6624,10.6624,43.01107234455397,43.01107234455397
l1_matrix_add,32,32,8192,16384,2,8,1,32,32,64.0,128.0,4.720800957183886,44.26,0.0833,1388.239,6553600,78643200,10.6624,128000000000.0,128000000000.0,128000000000.0,64000000000.0,10.6624,10.6624,44.27521906122342,44.27521906122342
l1_matrix_add,32,64,8192,16384,2,8,1,32,32,128.0,128.0,4.720909777864541,44.26,0.0833,1388.207,6553600,78643200,10.6624,128000000000.0,128000000000.0,128000000000.0,128000000000.0,10.6624,10.6624,44.27623966334541,44.27623966334541
l1_matrix_add,64,16,8192,16384,2,8,1,32,32,32.0,128.0,5.840789989661689,54.76,0.0833,1122.04,6553600,78643200,10.6624,256000000000.0,128000000000.0,128000000000.0,32000000000.0,10.6624,32.0,54.77931788023043,54.77931788023043
l1_matrix_add,64,32,8192,16384,2,8,1,32,32,64.0,128.0,6.053362250355152,56.75,0.0833,1082.638,6553600,78643200,10.6624,256000000000.0,128000000000.0,128000000000.0,64000000000.0,10.6624,42.6496,56.77298028919523,56.77298028919523
l1_matrix_add,64,64,8192,16384,2,8,1,32,32,128.0,128.0,5.780340702820845,54.19,0.0833,1133.774,6553600,78643200,10.6624,256000000000.0,128000000000.0,128000000000.0,128000000000.0,10.6624,42.6496,54.21237904056164,54.21237904056164
l1_matrix_add,32,16,8192,16384,2,16,1,32,32,32.0,128.0,4.585544089052029,42.99,0.0833,1429.187,6553600,78643200,10.6624,128000000000.0,128000000000.0,128000000000.0,32000000000.0,10.6624,10.6624,43.00667850626528,43.00667850626528
l1_matrix_add,32,32,8192,16384,2,16,1,32,32,64.0,128.0,4.940360018484136,46.32,0.0833,1326.543,6553600,78643200,10.6624,128000000000.0,128000000000.0,128000000000.0,64000000000.0,10.6624,10.6624,46.33440893686352,46.33440893686352
l1_matrix_add,32,64,8192,16384,2,16,1,32,32,128.0,128.0,4.784386500402617,44.85,0.0833,1369.789,6553600,78643200,10.6624,128000000000.0,128000000000.0,128000000000.0,128000000000.0,10.6624,10.6624,44.87157207010257,44.87157207010257
l1_matrix_add,64,16,8192,16384,2,16,1,32,32,32.0,128.0,5.770609129636185,54.1,0.0833,1135.686,6553600,78643200,10.6624,256000000000.0,128000000000.0,128000000000.0,32000000000.0,10.6624,32.0,54.121109033952806,54.121109033952806
l1_matrix_add,64,32,8192,16384,2,16,1,32,32,64.0,128.0,6.065126816456247,56.86,0.0833,1080.538,6553600,78643200,10.6624,256000000000.0,128000000000.0,128000000000.0,64000000000.0,10.6624,42.6496,56.88331723116978,56.88331723116978
l1_matrix_add,64,64,8192,16384,2,16,1,32,32,128.0,128.0,4.940360018484136,46.32,0.0833,1326.543,6553600,78643200,10.6624,256000000000.0,128000000000.0,128000000000.0,128000000000.0,10.6624,42.6496,46.33440893686352,46.33440893686352
l1_matrix_add,32,16,8192,16384,2,1,1,32,64,32.0,128.0,5.842336435351058,54.77,0.0833,1121.743,6553600,78643200,10.6624,128000000000.0,256000000000.0,128000000000.0,32000000000.0,21.3248,5.3312,54.79382161006019,27.396910805030096
l1_matrix_add,32,32,8192,16384,2,1,1,32,64,64.0,128.0,6.429239225658097,60.27,0.0833,1019.343,6553600,78643200,10.6624,128000000000.0,256000000000.0,128000000000.0,64000000000.0,21.3248,5.3312,60.2982370353588,30.1491185176794
l1_matrix_add,32,64,8192,16384,2,1,1,32,64,128.0,128.0,6.578981711442746,61.68,0.0833,996.142,6553600,78643200,10.6624,128000000000.0,256000000000.0,128000000000.0,128000000000.0,21.3248,5.3312,61.7026345986152,30.8513172993076
l1_matrix_add,64,16,8192,16384,2,1,1,32,64,32.0,256.0,8.045738530685306,37.71,0.0833,814.543,6553600,78643200,21.3248,256000000000.0,256000000000.0,256000000000.0,32000000000.0,21.3248,21.3248,37.72949115905099,37.72949115905099
l1_matrix_add,64,32,8192,16384,2,1,1,32,64,64.0,256.0,9.202646097764074,43.14,0.0833,712.143,6553600,78643200,21.3248,256000000000.0,256000000000.0,256000000000.0,64000000000.0,21.3248,21.3248,43.15466544944888,43.15466544944888
l1_matrix_add,64,64,8192,16384,2,1,1,32,64,128.0,256.0,9.512556935126614,44.59,0.0833,688.942,6553600,78643200,21.3248,256000000000.0,256000000000.0,256000000000.0,128000000000.0,21.3248,21.3248,44.607953814931975,44.607953814931975
l1_matrix_add,32,32,8192,16384,2,2,1,32,64,64.0,128.0,6.429188768147577,60.27,0.0833,1019.351,6553600,78643200,10.6624,128000000000.0,256000000000.0,128000000000.0,64000000000.0,21.3248,5.3312,60.297763806906296,30.148881903453148
l1_matrix_add,32,64,8192,16384,2,2,1,32,64,128.0,128.0,6.594764520134681,61.83,0.0833,993.758,6553600,78643200,10.6624,128000000000.0,256000000000.0,128000000000.0,128000000000.0,21.3248,5.3312,61.85065763931836,30.92532881965918
l1_matrix_add,64,16,8192,16384,2,2,1,32,64,32.0,256.0,4.0114020381418625,18.8,0.0833,1633.743,6553600,78643200,21.3248,256000000000.0,256000000000.0,256000000000.0,32000000000.0,21.3248,21.3248,18.810971442366927,18.810971442366927
l1_matrix_add,64,32,8192,16384,2,2,1,32,64,64.0,256.0,9.202542719170514,43.14,0.0833,712.151,6553600,78643200,21.3248,256000000000.0,256000000000.0,256000000000.0,64000000000.0,21.3248,21.3248,43.15418066837914,43.15418066837914
l1_matrix_add,64,64,8192,16384,2,2,1,32,64,128.0,256.0,9.54558828241751,44.74,0.0833,686.558,6553600,78643200,21.3248,256000000000.0,256000000000.0,256000000000.0,128000000000.0,21.3248,21.3248,44.762850213917645,44.762850213917645
l1_matrix_add,32,16,8192,16384,2,4,1,32,64,32.0,128.0,4.0114020381418625,37.61,0.0833,1633.743,6553600,78643200,10.6624,128000000000.0,256000000000.0,128000000000.0,32000000000.0,21.3248,5.3312,37.621942884733855,18.810971442366927
l1_matrix_add,32,32,8192,16384,2,4,1,32,64,64.0,128.0,6.429050014077281,60.27,0.0833,1019.373,6553600,78643200,10.6624,128000000000.0,256000000000.0,128000000000.0,64000000000.0,21.3248,5.3312,60.29646246696129,30.148231233480644
l1_matrix_add,32,64,8192,16384,2,4,1,32,64,128.0,128.0,6.610616567898123,61.97,0.0833,991.375,6553600,78643200,10.6624,128000000000.0,256000000000.0,128000000000.0,128000000000.0,21.3248,5.3312,61.99933005606732,30.99966502803366
l1_matrix_add,64,16,8192,16384,2,4,1,32,64,32.0,256.0,4.011367663612154,18.8,0.0833,1633.757,6553600,78643200,21.3248,256000000000.0,256000000000.0,256000000000.0,32000000000.0,21.3248,21.3248,18.81081024728088,18.81081024728088
l1_matrix_add,64,32,8192,16384,2,4,1,32,64,64.0,256.0,9.202258440013875,43.14,0.0833,712.173,6553600,78643200,21.3248,256000000000.0,256000000000.0,256000000000.0,64000000000.0,21.3248,21.3248,43.152847576595676,43.152847576595676
l1_matrix_add,64,64,8192,16384,2,4,1,32,64,128.0,256.0,9.578835824167793,44.9,0.0833,684.175,6553600,78643200,21.3248,256000000000.0,256000000000.0,256000000000.0,128000000000.0,21.3248,21.3248,44.91876042995851,44.91876042995851
l1_matrix_add,32,16,8192,16384,2,8,1,32,64,32.0,128.0,4.940307879721717,46.32,0.0833,1326.557,6553600,78643200,10.6624,128000000000.0,256000000000.0,128000000000.0,32000000000.0,21.3248,5.3312,46.33391994036724,23.16695997018362
l1_matrix_add,32,32,8192,16384,2,8,1,32,64,64.0,128.0,6.427366521517398,60.26,0.0833,1019.64,6553600,78643200,10.6624,128000000000.0,256000000000.0,128000000000.0,64000000000.0,21.3248,5.3312,60.280673408589045,30.140336704294523
l1_matrix_add,32,64,8192,16384,2,8,1,32,64,128.0,128.0,4.011367663612154,37.61,0.0833,1633.757,6553600,78643200,10.6624,128000000000.0,256000000000.0,128000000000.0,128000000000.0,21.3248,5.3312,37.62162049456176,18.81081024728088
l1_matrix_add,64,16,8192,16384,2,8,1,32,64,32.0,256.0,8.040842217366286,37.69,0.0833,815.039,6553600,78643200,21.3248,256000000000.0,256000000000.0,256000000000.0,32000000000.0,21.3248,21.3248,37.70653050610691,37.70653050610691
l1_matrix_add,64,32,8192,16384,2,8,1,32,64,64.0,256.0,9.196241014033754,43.11,0.0833,712.639,6553600,78643200,21.3248,256000000000.0,256000000000.0,256000000000.0,64000000000.0,21.3248,21.3248,43.12462960512527,43.12462960512527
l1_matrix_add,64,64,8192,16384,2,8,1,32,64,128.0,256.0,4.940307879721717,23.16,0.0833,1326.557,6553600,78643200,21.3248,256000000000.0,256000000000.0,256000000000.0,128000000000.0,21.3248,21.3248,23.16695997018362,23.16695997018362
l1_matrix_add,32,16,8192,16384,2,16,1,32,64,32.0,128.0,5.788703830635189,54.27,0.0833,1132.136,6553600,78643200,10.6624,128000000000.0,256000000000.0,128000000000.0,32000000000.0,21.3248,5.3312,54.29081473810014,27.14540736905007
l1_matrix_add,32,32,8192,16384,2,16,1,32,64,64.0,128.0,4.011367663612154,37.61,0.0833,1633.757,6553600,78643200,10.6624,128000000000.0,256000000000.0,128000000000.0,64000000000.0,21.3248,5.3312,37.62162049456176,18.81081024728088
l1_matrix_add,32,64,8192,16384,2,16,1,32,64,128.0,128.0,6.5633794353586845,61.53,0.0833,998.51,6553600,78643200,10.6624,128000000000.0,256000000000.0,128000000000.0,128000000000.0,21.3248,5.3312,61.556304728379025,30.778152364189513
l1_matrix_add,64,16,8192,16384,2,16,1,32,64,32.0,256.0,7.847823874216398,36.79,0.0833,835.085,6553600,78643200,21.3248,256000000000.0,256000000000.0,256000000000.0,32000000000.0,21.3248,21.3248,36.80139496837672,36.80139496837672
l1_matrix_add,64,32,8192,16384,2,16,1,32,64,64.0,256.0,8.944635143342639,41.93,0.0833,732.685,6553600,78643200,21.3248,256000000000.0,256000000000.0,256000000000.0,64000000000.0,21.3248,21.3248,41.94475513647321,41.94475513647321
l1_matrix_add,32,16,8192,16384,2,1,1,32,128,32.0,128.0,4.940307879721717,46.32,0.0833,1326.557,6553600,78643200,10.6624,128000000000.0,512000000000.0,128000000000.0,32000000000.0,32.0,2.6656,46.33391994036724,15.438462124130364
l1_matrix_add,32,32,8192,16384,2,1,1,32,128,64.0,128.0,7.569913935197859,70.97,0.0833,865.743,6553600,78643200,10.6624,128000000000.0,512000000000.0,128000000000.0,64000000000.0,42.6496,2.6656,70.99634167915158,17.749085419787896
l1_matrix_add,32,64,8192,16384,2,1,1,32,128,128.0,128.0,8.045738530685306,75.43,0.0833,814.543,6553600,78643200,10.6624,128000000000.0,512000000000.0,128000000000.0,128000000000.0,42.6496,2.6656,75.45898231810197,18.864745579525493
l1_matrix_add,64,16,8192,16384,2,1,1,32,128,32.0,256.0,9.915529780934213,46.48,0.0833,660.943,6553600,78643200,21.3248,256000000000.0,512000000000.0,256000000000.0,32000000000.0,32.0,10.6624,46.49764490609156,30.986030565419416
l1_matrix_add,64,32,8192,16384,2,1,1,32,128,64.0,256.0,11.733384896059928,55.0,0.0833,558.543,6553600,78643200,21.3248,256000000000.0,512000000000.0,256000000000.0,64000000000.0,42.6496,10.6624,55.02225060052112,27.51112530026056
l1_matrix_add,64,64,8192,16384,2,1,1,32,128,128.0,256.0,12.917493687702406,60.55,0.0833,507.343,6553600,78643200,21.3248,256000000000.0,512000000000.0,256000000000.0,128000000000.0,42.6496,10.6624,60.574981653766535,30.287490826883268
l1_matrix_add,32,16,8192,16384,2,2,1,32,128,32.0,128.0,6.7608121310031155,63.38,0.0833,969.351,6553600,78643200,10.6624,128000000000.0,512000000000.0,128000000000.0,32000000000.0,32.0,2.6656,63.407976918921776,21.127537909384735
l1_matrix_add,32,32,8192,16384,2,2,1,32,128,64.0,128.0,4.940307879721717,46.32,0.0833,1326.557,6553600,78643200,10.6624,128000000000.0,512000000000.0,128000000000.0,64000000000.0,42.6496,2.6656,46.33391994036724,11.58347998509181
l1_matrix_add,32,64,8192,16384,2,2,1,32,128,128.0,128.0,8.033824046798594,75.32,0.0833,815.751,6553600,78643200,10.6624,128000000000.0,512000000000.0,128000000000.0,128000000000.0,42.6496,2.6656,75.34723933447061,18.836809833617654
l1_matrix_add,64,16,8192,16384,2,2,1,32,128,32.0,256.0,4.011367663612154,18.8,0.0833,1633.757,6553600,78643200,21.3248,256000000000.0,512000000000.0,256000000000.0,32000000000.0,32.0,10.6624,18.81081024728088,12.53552394878798
l1_matrix_add,64,32,8192,16384,2,2,1,32,128,64.0,256.0,11.708063049463068,54.88,0.0833,559.751,6553600,78643200,21.3248,256000000000.0,512000000000.0,256000000000.0,64000000000.0,42.6496,10.6624,54.90350694713698,27.45175347356849
l1_matrix_add,64,64,8192,16384,2,2,1,32,128,128.0,256.0,12.886809779156861,60.41,0.0833,508.551,6553600,78643200,21.3248,256000000000.0,512000000000.0,256000000000.0,128000000000.0,42.6496,10.6624,60.43109327710863,30.215546638554315
l1_matrix_add,32,16,8192,16384,2,4,1,32,128,32.0,128.0,4.940307879721717,46.32,0.0833,1326.557,6553600,78643200,10.6624,128000000000.0,512000000000.0,128000000000.0,32000000000.0,32.0,2.6656,46.33391994036724,15.438462124130364
l1_matrix_add,32,32,8192,16384,2,4,1,32,128,64.0,128.0,7.543625397117731,70.72,0.0833,868.76,6553600,78643200,10.6624,128000000000.0,512000000000.0,128000000000.0,64000000000.0,42.6496,2.6656,70.749788013184,17.687447003296
l1_matrix_add,32,64,8192,16384,2,4,1,32,128,128.0,128.0,4.011328379156713,37.61,0.0833,1633.773,6553600,78643200,10.6624,128000000000.0,512000000000.0,128000000000.0,128000000000.0,42.6496,2.6656,37.62125205541635,9.405313013854087
l1_matrix_add,64,16,8192,16384,2,4,1,32,128,32.0,256.0,9.870474124947288,46.27,0.0833,663.96,6553600,78643200,21.3248,256000000000.0,512000000000.0,256000000000.0,32000000000.0,32.0,10.6624,46.286362005492606,30.845231640460273
l1_matrix_add,64,32,8192,16384,2,4,1,32,128,64.0,256.0,11.67034689080419,54.7,0.0833,561.56,6553600,78643200,21.3248,256000000000.0,512000000000.0,256000000000.0,64000000000.0,42.6496,10.6624,54.72664170732757,27.363320853663787
l1_matrix_add,64,64,8192,16384,2,4,1,32,128,128.0,256.0,4.011328379156713,18.8,0.0833,1633.773,6553600,78643200,21.3248,256000000000.0,512000000000.0,256000000000.0,128000000000.0,42.6496,10.6624,18.810626027708174,9.405313013854087
l1_matrix_add,32,16,8192,16384,2,8,1,32,128,32.0,128.0,6.696845525796794,62.78,0.0833,978.61,6553600,78643200,10.6624,128000000000.0,512000000000.0,128000000000.0,32000000000.0,32.0,2.6656,62.80805002435469,20.927642268114983
l1_matrix_add,32,32,8192,16384,2,8,1,32,128,64.0,128.0,7.479485511464147,70.12,0.0833,876.21,6553600,78643200,10.6624,128000000000.0,512000000000.0,128000000000.0,64000000000.0,42.6496,2.6656,70.14823596436213,17.537058991090532
l1_matrix_add,32,64,8192,16384,2,8,1,32,128,128.0,128.0,7.9436612889540745,74.47,0.0833,825.01,6553600,78643200,10.6624,128000000000.0,512000000000.0,128000000000.0,128000000000.0,42.6496,2.6656,74.50162523403806,18.625406308509515
l1_matrix_add,64,16,8192,16384,2,8,1,32,128,32.0,256.0,9.758058632329227,45.74,0.0833,671.609,6553600,78643200,21.3248,256000000000.0,512000000000.0,256000000000.0,32000000000.0,32.0,10.6624,45.759203520451436,30.493933226028837
l1_matrix_add,64,32,8192,16384,2,8,1,32,128,64.0,256.0,11.513521395480398,53.97,0.0833,569.209,6553600,78643200,21.3248,256000000000.0,512000000000.0,256000000000.0,64000000000.0,42.6496,10.6624,53.991228032527374,26.995614016263687
l1_matrix_add,64,64,8192,16384,2,8,1,32,128,128.0,256.0,4.940248293912209,23.16,0.0833,1326.573,6553600,78643200,21.3248,256000000000.0,512000000000.0,256000000000.0,128000000000.0,42.6496,10.6624,23.166680549933453,11.583340274966726
l1_matrix_add,32,16,8192,16384,2,16,1,32,128,32.0,128.0,6.54785098683356,61.39,0.0833,1000.878,6553600,78643200,10.6624,128000000000.0,512000000000.0,128000000000.0,32000000000.0,32.0,2.6656,61.41066726847202,20.462034333854877
l1_matrix_add,32,32,8192,16384,2,16,1,32,128,64.0,128.0,7.2939180992362855,68.38,0.0833,898.502,6553600,78643200,10.6624,128000000000.0,512000000000.0,128000000000.0,64000000000.0,42.6496,2.6656,68.40784531846757,17.10196132961689
l1_matrix_add,32,64,8192,16384,2,16,1,32,128,128.0,128.0,4.940248293912209,46.31,0.0833,1326.573,6553600,78643200,10.6624,128000000000.0,512000000000.0,128000000000.0,128000000000.0,42.6496,2.6656,46.333361099866906,11.583340274966726
l1_matrix_add,64,16,8192,16384,2,16,1,32,128,32.0,256.0,4.011328379156713,18.8,0.0833,1633.773,6553600,78643200,21.3248,256000000000.0,512000000000.0,256000000000.0,32000000000.0,32.0,10.6624,18.810626027708174,12.535401184864728
l1_matrix_add,64,32,8192,16384,2,16,1,32,128,64.0,256.0,10.96934121353024,51.42,0.0833,597.447,6553600,78643200,21.3248,256000000000.0,512000000000.0,256000000000.0,64000000000.0,42.6496,10.6624,51.4393626834964,25.7196813417482
l1_matrix_add,64,64,8192,16384,2,16,1,32,128,128.0,256.0,11.996975859966941,56.24,0.0833,546.271,6553600,78643200,21.3248,256000000000.0,512000000000.0,256000000000.0,128000000000.0,42.6496,10.6624,56.258327674664905,28.129163837332452
l1_matrix_add,32,16,8192,16384,2,1,1,32,256,32.0,128.0,4.940248293912209,46.31,0.0833,1326.573,6553600,78643200,10.6624,128000000000.0,1024000000000.0,128000000000.0,32000000000.0,32.0,1.3328,46.333361099866906,15.438275918475652
l1_matrix_add,32,32,8192,16384,2,1,1,32,256,64.0,128.0,8.248429568787467,77.33,0.0833,794.527,6553600,78643200,10.6624,128000000000.0,1024000000000.0,128000000000.0,64000000000.0,64.0,1.3328,77.35997119586085,12.888171201230417
l1_matrix_add,32,64,8192,16384,2,1,1,32,256,128.0,128.0,8.81657736097303,82.66,0.0833,743.327,6553600,78643200,10.6624,128000000000.0,1024000000000.0,128000000000.0,128000000000.0,85.2992,1.3328,82.6884881543839,10.336061019297988
l1_matrix_add,64,16,8192,16384,2,1,1,32,256,32.0,256.0,11.112938698753833,52.09,0.0833,589.727,6553600,78643200,21.3248,256000000000.0,1024000000000.0,256000000000.0,32000000000.0,32.0,5.3312,52.112745248508,34.72793343360573
l1_matrix_add,64,32,8192,16384,2,1,1,32,256,64.0,256.0,13.448054386479717,63.04,0.0833,487.327,6553600,78643200,21.3248,256000000000.0,1024000000000.0,256000000000.0,64000000000.0,64.0,5.3312,63.06298012867514,21.012584978874557
l1_matrix_add,64,64,8192,16384,2,1,1,32,256,128.0,256.0,4.940248293912209,23.16,0.0833,1326.573,6553600,78643200,21.3248,256000000000.0,1024000000000.0,256000000000.0,128000000000.0,85.2992,5.3312,23.166680549933453,5.791670137483363
l1_matrix_add,32,16,8192,16384,2,2,1,32,256,32.0,128.0,7.279076431635372,68.24,0.0833,900.334,6553600,78643200,10.6624,128000000000.0,1024000000000.0,128000000000.0,32000000000.0,32.0,1.3328,68.26864900618408,22.747113848860536
l1_matrix_add,32,32,8192,16384,2,2,1,32,256,64.0,128.0,4.940248293912209,46.31,0.0833,1326.573,6553600,78643200,10.6624,128000000000.0,1024000000000.0,128000000000.0,64000000000.0,64.0,1.3328,46.333361099866906,7.719137959237826
l1_matrix_add,32,64,8192,16384,2,2,1,32,256,128.0,128.0,8.7763514183096,82.28,0.0833,746.734,6553600,78643200,10.6624,128000000000.0,1024000000000.0,128000000000.0,128000000000.0,85.2992,1.3328,82.31121903426622,10.288902379283277
l1_matrix_add,64,16,8192,16384,2,2,1,32,256,32.0,256.0,11.049105261205733,51.79,0.0833,593.134,6553600,78643200,21.3248,256000000000.0,1024000000000.0,256000000000.0,32000000000.0,32.0,5.3312,51.81340627441165,34.52845394126792
l1_matrix_add,64,32,8192,16384,2,2,1,32,256,64.0,256.0,13.354689098371015,62.6,0.0833,490.734,6553600,78643200,21.3248,256000000000.0,1024000000000.0,256000000000.0,64000000000.0,64.0,5.3312,62.625155210698416,20.866701716204712
l1_matrix_add,32,16,8192,16384,2,4,1,32,256,32.0,128.0,4.939254167797173,46.31,0.0833,1326.84,6553600,78643200,10.6624,128000000000.0,1024000000000.0,128000000000.0,32000000000.0,32.0,1.3328,46.324037438073724,15.435169274366164
l1_matrix_add,32,32,8192,16384,2,4,1,32,256,64.0,128.0,8.172162076559154,76.61,0.0833,801.942,6553600,78643200,10.6624,128000000000.0,1024000000000.0,128000000000.0,64000000000.0,64.0,1.3328,76.64467733867754,12.769003244623677
l1_matrix_add,32,64,8192,16384,2,4,1,32,256,128.0,128.0,8.729496951016463,81.84,0.0833,750.742,6553600,78643200,10.6624,128000000000.0,1024000000000.0,128000000000.0,128000000000.0,85.2992,1.3328,81.87178262883087,10.233972828603859
l1_matrix_add,64,16,8192,16384,2,4,1,32,256,32.0,256.0,10.974943983173182,51.45,0.0833,597.142,6553600,78643200,21.3248,256000000000.0,1024000000000.0,256000000000.0,32000000000.0,32.0,5.3312,51.465636175594526,34.296699947416194
l1_matrix_add,64,32,8192,16384,2,4,1,32,256,64.0,256.0,13.246500196061788,62.09,0.0833,494.742,6553600,78643200,21.3248,256000000000.0,1024000000000.0,256000000000.0,64000000000.0,64.0,5.3312,62.11781679575794,20.697656556346544
l1_matrix_add,64,64,8192,16384,2,4,1,32,256,128.0,256.0,4.939254167797173,23.15,0.0833,1326.84,6553600,78643200,21.3248,256000000000.0,1024000000000.0,256000000000.0,128000000000.0,85.2992,5.3312,23.162018719036862,5.7905046797592155
l1_matrix_add,32,16,8192,16384,2,8,1,32,256,32.0,128.0,7.165583854693996,67.18,0.0833,914.594,6553600,78643200,10.6624,128000000000.0,1024000000000.0,128000000000.0,32000000000.0,32.0,1.3328,67.20423032988816,22.392449545918737
l1_matrix_add,32,32,8192,16384,2,8,1,32,256,64.0,128.0,4.0111614288048845,37.6,0.0833,1633.841,6553600,78643200,10.6624,128000000000.0,1024000000000.0,128000000000.0,64000000000.0,64.0,1.3328,37.61968626955361,6.267439732507632
l1_matrix_add,32,64,8192,16384,2,8,1,32,256,128.0,128.0,8.611894443320185,80.74,0.0833,760.994,6553600,78643200,10.6624,128000000000.0,1024000000000.0,128000000000.0,128000000000.0,85.2992,1.3328,80.76881793330006,10.096102241662507
l1_matrix_add,64,16,8192,16384,2,8,1,32,256,32.0,256.0,4.939254167797173,23.15,0.0833,1326.84,6553600,78643200,21.3248,256000000000.0,1024000000000.0,256000000000.0,32000000000.0,32.0,5.3312,23.162018719036862,15.435169274366164
l1_matrix_add,64,32,8192,16384,2,8,1,32,256,64.0,256.0,4.939254167797173,23.15,0.0833,1326.84,6553600,78643200,21.3248,256000000000.0,1024000000000.0,256000000000.0,64000000000.0,64.0,5.3312,23.162018719036862,7.717584637183082
l1_matrix_add,64,64,8192,16384,2,8,1,32,256,128.0,256.0,4.0111614288048845,18.8,0.0833,1633.841,6553600,78643200,21.3248,256000000000.0,1024000000000.0,256000000000.0,128000000000.0,85.2992,5.3312,18.809843134776806,4.702460783694201
l1_matrix_add,32,16,8192,16384,2,16,1,32,256,32.0,128.0,6.995087982956305,65.58,0.0833,936.886,6553600,78643200,10.6624,128000000000.0,1024000000000.0,128000000000.0,32000000000.0,32.0,1.3328,65.60519191698215,21.85964994673845
l1_matrix_add,32,32,8192,16384,2,16,1,32,256,64.0,128.0,7.853457098141851,73.63,0.0833,834.486,6553600,78643200,10.6624,128000000000.0,1024000000000.0,128000000000.0,64000000000.0,64.0,1.3328,73.65562254409748,12.271026715846642
l1_matrix_add,32,64,8192,16384,2,16,1,32,256,128.0,128.0,8.36680344088877,78.44,0.0833,783.286,6553600,78643200,10.6624,128000000000.0,1024000000000.0,128000000000.0,128000000000.0,85.2992,1.3328,78.4701703264628,9.80877129080785
l1_matrix_add,64,16,8192,16384,2,16,1,32,256,32.0,256.0,4.0111614288048845,18.8,0.0833,1633.841,6553600,78643200,21.3248,256000000000.0,1024000000000.0,256000000000.0,32000000000.0,32.0,5.3312,18.809843134776806,12.534879465015264
l1_matrix_add,64,32,8192,16384,2,16,1,32,256,64.0,256.0,4.939254167797173,23.15,0.0833,1326.84,6553600,78643200,21.3248,256000000000.0,1024000000000.0,256000000000.0,64000000000.0,64.0,5.3312,23.162018719036862,7.717584637183082
l1_matrix_add,64,64,8192,16384,2,16,1,32,256,128.0,256.0,13.679809464567883,64.12,0.0833,479.071,6553600,78643200,21.3248,256000000000.0,1024000000000.0,256000000000.0,128000000000.0,85.2992,5.3312,64.1497667718707,16.037441692967676
l1_matrix_add,32,16,8192,16384,2,1,1,64,32,32.0,128.0,4.939254167797173,46.31,0.0833,1326.84,6553600,78643200,10.6624,128000000000.0,256000000000.0,128000000000.0,32000000000.0,21.3248,10.6624,46.324037438073724,23.162018719036862
l1_matrix_add,32,32,8192,16384,2,1,1,64,32,64.0,128.0,4.662128034943197,43.71,0.0833,1405.71,6553600,78643200,10.6624,128000000000.0,256000000000.0,128000000000.0,64000000000.0,21.3248,10.6624,43.72494030371396,21.86247015185698
l1_matrix_add,32,64,8192,16384,2,1,1,64,32,128.0,128.0,4.66223416742668,43.71,0.0833,1405.678,6553600,78643200,10.6624,128000000000.0,256000000000.0,128000000000.0,128000000000.0,21.3248,10.6624,43.725935693902684,21.862967846951342
l1_matrix_add,64,16,8192,16384,2,1,1,64,32,32.0,256.0,5.842336435351058,27.39,0.0833,1121.743,6553600,78643200,21.3248,256000000000.0,256000000000.0,256000000000.0,32000000000.0,21.3248,32.0,27.396910805030096,27.396910805030096
l1_matrix_add,64,32,8192,16384,2,1,1,64,32,64.0,256.0,5.957227874692418,27.92,0.0833,1100.109,6553600,78643200,21.3248,256000000000.0,256000000000.0,256000000000.0,64000000000.0,21.3248,42.6496,27.935679934594546,27.935679934594546
l1_matrix_add,64,64,8192,16384,2,1,1,64,32,128.0,256.0,5.692619729075915,26.68,0.0833,1151.245,6553600,78643200,21.3248,256000000000.0,256000000000.0,256000000000.0,128000000000.0,21.3248,42.6496,26.694832913208636,26.694832913208636
l1_matrix_add,32,16,8192,16384,2,2,1,64,32,32.0,128.0,4.586282162444356,43.0,0.0833,1428.957,6553600,78643200,10.6624,128000000000.0,256000000000.0,128000000000.0,32000000000.0,21.3248,10.6624,43.01360071320112,21.50680035660056
l1_matrix_add,32,32,8192,16384,2,2,1,64,32,64.0,128.0,4.673361709895881,43.81,0.0833,1402.331,6553600,78643200,10.6624,128000000000.0,256000000000.0,128000000000.0,64000000000.0,21.3248,10.6624,43.8302981495337,21.91514907476685
l1_matrix_add,32,64,8192,16384,2,2,1,64,32,128.0,128.0,4.586327096322247,43.0,0.0833,1428.943,6553600,78643200,10.6624,128000000000.0,256000000000.0,128000000000.0,128000000000.0,21.3248,10.6624,43.014022136875816,21.507011068437908
l1_matrix_add,64,16,8192,16384,2,2,1,64,32,32.0,256.0,5.842263520530739,27.39,0.0833,1121.757,6553600,78643200,21.3248,256000000000.0,256000000000.0,256000000000.0,32000000000.0,21.3248,32.0,27.396568880039858,27.396568880039858
l1_matrix_add,64,32,8192,16384,2,2,1,64,32,64.0,256.0,5.9755819572729845,28.01,0.0833,1096.73,6553600,78643200,21.3248,256000000000.0,256000000000.0,256000000000.0,64000000000.0,21.3248,42.6496,28.02174912436686,28.02174912436686
l1_matrix_add,64,64,8192,16384,2,2,1,64,32,128.0,256.0,5.709377226958548,26.76,0.0833,1147.866,6553600,78643200,21.3248,256000000000.0,256000000000.0,256000000000.0,128000000000.0,21.3248,42.6496,26.77341511741516,26.77341511741516
l1_matrix_add,32,16,8192,16384,2,4,1,64,32,32.0,128.0,4.586230810519163,43.0,0.0833,1428.973,6553600,78643200,10.6624,128000000000.0,256000000000.0,128000000000.0,32000000000.0,21.3248,10.6624,43.013119096255664,21.506559548127832
l1_matrix_add,32,32,8192,16384,2,4,1,64,32,64.0,128.0,4.686649670505702,43.94,0.0833,1398.355,6553600,78643200,10.6624,128000000000.0,256000000000.0,128000000000.0,64000000000.0,21.3248,10.6624,43.95492263004297,21.977461315021486
l1_matrix_add,32,64,8192,16384,2,4,1,64,32,128.0,128.0,5.842336435351058,54.77,0.0833,1121.743,6553600,78643200,10.6624,128000000000.0,256000000000.0,128000000000.0,128000000000.0,21.3248,10.6624,54.79382161006019,27.396910805030096
l1_matrix_add,64,16,8192,16384,2,4,1,64,32,32.0,256.0,5.842180191536078,27.39,0.0833,1121.773,6553600,78643200,21.3248,256000000000.0,256000000000.0,256000000000.0,32000000000.0,21.3248,32.0,27.396178119072992,27.396178119072992
l1_matrix_add,64,32,8192,16384,2,4,1,64,32,64.0,256.0,5.997324191904126,28.11,0.0833,1092.754,6553600,78643200,21.3248,256000000000.0,256000000000.0,256000000000.0,64000000000.0,21.3248,42.6496,28.123706632203476,28.123706632203476
l1_matrix_add,64,64,8192,16384,2,4,1,64,32,128.0,256.0,5.842336435351058,27.39,0.0833,1121.743,6553600,78643200,21.3248,256000000000.0,256000000000.0,256000000000.0,128000000000.0,21.3248,42.6496,27.396910805030096,27.396910805030096
l1_matrix_add,32,16,8192,16384,2,8,1,64,32,32.0,128.0,4.586012577665723,42.99,0.0833,1429.041,6553600,78643200,10.6624,128000000000.0,256000000000.0,128000000000.0,32000000000.0,21.3248,10.6624,43.01107234455397,21.505536172276987
l1_matrix_add,32,32,8192,16384,2,8,1,64,32,64.0,128.0,4.720800957183886,44.26,0.0833,1388.239,6553600,78643200,10.6624,128000000000.0,256000000000.0,128000000000.0,64000000000.0,21.3248,10.6624,44.27521906122342,22.13760953061171
l1_matrix_add,32,64,8192,16384,2,8,1,64,32,128.0,128.0,4.720909777864541,44.26,0.0833,1388.207,6553600,78643200,10.6624,128000000000.0,256000000000.0,128000000000.0,128000000000.0,21.3248,10.6624,44.27623966334541,22.138119831672704
l1_matrix_add,64,16,8192,16384,2,8,1,64,32,32.0,256.0,5.842336435351058,27.39,0.0833,1121.743,6553600,78643200,21.3248,256000000000.0,256000000000.0,256000000000.0,32000000000.0,21.3248,32.0,27.396910805030096,27.396910805030096
l1_matrix_add,64,32,8192,16384,2,8,1,64,32,64.0,256.0,6.053362250355152,28.38,0.0833,1082.638,6553600,78643200,21.3248,256000000000.0,256000000000.0,256000000000.0,64000000000.0,21.3248,42.6496,28.386490144597616,28.386490144597616
l1_matrix_add,64,64,8192,16384,2,8,1,64,32,128.0,256.0,5.780340702820845,27.1,0.0833,1133.774,6553600,78643200,21.3248,256000000000.0,256000000000.0,256000000000.0,128000000000.0,21.3248,42.6496,27.10618952028082,27.10618952028082
l1_matrix_add,32,32,8192,16384,2,16,1,64,32,64.0,128.0,4.762136596063477,44.65,0.0833,1376.189,6553600,78643200,10.6624,128000000000.0,256000000000.0,128000000000.0,64000000000.0,21.3248,10.6624,44.66289574639365,22.331447873196826
l1_matrix_add,32,64,8192,16384,2,16,1,64,32,128.0,128.0,5.842336435351058,54.77,0.0833,1121.743,6553600,78643200,10.6624,128000000000.0,256000000000.0,128000000000.0,128000000000.0,21.3248,10.6624,54.79382161006019,27.396910805030096
l1_matrix_add,64,16,8192,16384,2,16,1,64,32,32.0,256.0,5.788703830635189,27.13,0.0833,1132.136,6553600,78643200,21.3248,256000000000.0,256000000000.0,256000000000.0,32000000000.0,21.3248,32.0,27.14540736905007,27.14540736905007
l1_matrix_add,64,32,8192,16384,2,16,1,64,32,64.0,256.0,4.586327096322247,21.5,0.0833,1428.943,6553600,78643200,21.3248,256000000000.0,256000000000.0,256000000000.0,64000000000.0,21.3248,42.6496,21.507011068437908,21.507011068437908
l1_matrix_add,64,64,8192,16384,2,16,1,64,32,128.0,256.0,5.856982245665086,27.45,0.0833,1118.938,6553600,78643200,21.3248,256000000000.0,256000000000.0,256000000000.0,128000000000.0,21.3248,42.6496,27.465590512760194,27.465590512760194
l1_matrix_add,32,16,8192,16384,2,1,1,64,64,32.0,128.0,5.842336435351058,54.77,0.0833,1121.743,6553600,78643200,10.6624,128000000000.0,512000000000.0,128000000000.0,32000000000.0,32.0,5.3312,54.79382161006019,18.257301360472056
l1_matrix_add,32,32,8192,16384,2,1,1,64,64,64.0,128.0,6.429239225658097,60.27,0.0833,1019.343,6553600,78643200,10.6624,128000000000.0,512000000000.0,128000000000.0,64000000000.0,42.6496,5.3312,60.2982370353588,15.0745592588397
l1_matrix_add,32,64,8192,16384,2,1,1,64,64,128.0,128.0,6.578981711442746,61.68,0.0833,996.142,6553600,78643200,10.6624,128000000000.0,512000000000.0,128000000000.0,128000000000.0,42.6496,5.3312,61.7026345986152,15.4256586496538
l1_matrix_add,64,16,8192,16384,2,1,1,64,64,32.0,256.0,8.045738530685306,37.71,0.0833,814.543,6553600,78643200,21.3248,256000000000.0,512000000000.0,256000000000.0,32000000000.0,32.0,21.3248,37.72949115905099,25.14293290839158
l1_matrix_add,64,32,8192,16384,2,1,1,64,64,64.0,256.0,9.202646097764074,43.14,0.0833,712.143,6553600,78643200,21.3248,256000000000.0,512000000000.0,256000000000.0,64000000000.0,42.6496,21.3248,43.15466544944888,21.57733272472444
l1_matrix_add,64,64,8192,16384,2,1,1,64,64,128.0,256.0,9.512556935126614,44.59,0.0833,688.942,6553600,78643200,21.3248,256000000000.0,512000000000.0,256000000000.0,128000000000.0,42.6496,21.3248,44.607953814931975,22.303976907465987
l1_matrix_add,32,16,8192,16384,2,2,1,64,64,32.0,128.0,5.842263520530739,54.77,0.0833,1121.757,6553600,78643200,10.6624,128000000000.0,512000000000.0,128000000000.0,32000000000.0,32.0,5.3312,54.793137760079716,18.25707350165856
l1_matrix_add,32,32,8192,16384,2,2,1,64,64,64.0,128.0,6.42915092553443,60.27,0.0833,1019.357,6553600,78643200,10.6624,128000000000.0,512000000000.0,128000000000.0,64000000000.0,42.6496,5.3312,60.29740889044147,15.074352222610367
l1_matrix_add,32,64,8192,16384,2,2,1,64,64,128.0,128.0,4.586282162444356,43.0,0.0833,1428.957,6553600,78643200,10.6624,128000000000.0,512000000000.0,128000000000.0,128000000000.0,42.6496,5.3312,43.01360071320112,10.75340017830028
l1_matrix_add,64,16,8192,16384,2,2,1,64,64,32.0,256.0,8.045600246514363,37.71,0.0833,814.557,6553600,78643200,21.3248,256000000000.0,512000000000.0,256000000000.0,32000000000.0,32.0,21.3248,37.72884269261312,25.142500770357383
l1_matrix_add,64,32,8192,16384,2,2,1,64,64,64.0,256.0,9.202465186749551,43.14,0.0833,712.157,6553600,78643200,21.3248,256000000000.0,512000000000.0,256000000000.0,64000000000.0,42.6496,21.3248,43.15381708972441,21.576908544862206
l1_matrix_add,64,64,8192,16384,2,2,1,64,64,128.0,256.0,5.842263520530739,27.39,0.0833,1121.757,6553600,78643200,21.3248,256000000000.0,512000000000.0,256000000000.0,128000000000.0,42.6496,21.3248,27.396568880039858,13.698284440019929
l1_matrix_add,32,16,8192,16384,2,4,1,64,64,32.0,128.0,5.842180191536078,54.77,0.0833,1121.773,6553600,78643200,10.6624,128000000000.0,512000000000.0,128000000000.0,32000000000.0,32.0,5.3312,54.792356238145985,18.256813098550243
l1_matrix_add,32,32,8192,16384,2,4,1,64,64,64.0,128.0,6.429050014077281,60.27,0.0833,1019.373,6553600,78643200,10.6624,128000000000.0,512000000000.0,128000000000.0,64000000000.0,42.6496,5.3312,60.29646246696129,15.074115616740322
l1_matrix_add,32,64,8192,16384,2,4,1,64,64,128.0,128.0,6.610616567898123,61.97,0.0833,991.375,6553600,78643200,10.6624,128000000000.0,512000000000.0,128000000000.0,128000000000.0,42.6496,5.3312,61.99933005606732,15.49983251401683
l1_matrix_add,64,16,8192,16384,2,4,1,64,64,32.0,256.0,5.842263520530739,27.39,0.0833,1121.757,6553600,78643200,21.3248,256000000000.0,512000000000.0,256000000000.0,32000000000.0,32.0,21.3248,27.396568880039858,18.25707350165856
l1_matrix_add,64,32,8192,16384,2,4,1,64,64,64.0,256.0,9.202258440013875,43.14,0.0833,712.173,6553600,78643200,21.3248,256000000000.0,512000000000.0,256000000000.0,64000000000.0,42.6496,21.3248,43.152847576595676,21.576423788297838
l1_matrix_add,64,64,8192,16384,2,4,1,64,64,128.0,256.0,5.842263520530739,27.39,0.0833,1121.757,6553600,78643200,21.3248,256000000000.0,512000000000.0,256000000000.0,128000000000.0,42.6496,21.3248,27.396568880039858,13.698284440019929
l1_matrix_add,32,16,8192,16384,2,8,1,64,64,32.0,128.0,5.840789989661689,54.76,0.0833,1122.04,6553600,78643200,10.6624,128000000000.0,512000000000.0,128000000000.0,32000000000.0,32.0,5.3312,54.77931788023043,18.25246871769278
l1_matrix_add,32,32,8192,16384,2,8,1,64,64,64.0,128.0,5.842263520530739,54.77,0.0833,1121.757,6553600,78643200,10.6624,128000000000.0,512000000000.0,128000000000.0,64000000000.0,42.6496,5.3312,54.793137760079716,13.698284440019929
l1_matrix_add,32,64,8192,16384,2,8,1,64,64,128.0,128.0,6.629628580561883,62.15,0.0833,988.532,6553600,78643200,10.6624,128000000000.0,512000000000.0,128000000000.0,128000000000.0,42.6496,5.3312,62.177638998367,15.54440974959175
l1_matrix_add,64,16,8192,16384,2,8,1,64,64,32.0,256.0,8.040842217366286,37.69,0.0833,815.039,6553600,78643200,21.3248,256000000000.0,512000000000.0,256000000000.0,32000000000.0,32.0,21.3248,37.70653050610691,25.127631929269644
l1_matrix_add,64,32,8192,16384,2,8,1,64,64,64.0,256.0,9.196241014033754,43.11,0.0833,712.639,6553600,78643200,21.3248,256000000000.0,512000000000.0,256000000000.0,64000000000.0,42.6496,21.3248,43.12462960512527,21.562314802562636
l1_matrix_add,64,64,8192,16384,2,8,1,64,64,128.0,256.0,5.842263520530739,27.39,0.0833,1121.757,6553600,78643200,21.3248,256000000000.0,512000000000.0,256000000000.0,128000000000.0,42.6496,21.3248,27.396568880039858,13.698284440019929
l1_matrix_add,32,16,8192,16384,2,16,1,64,64,32.0,128.0,5.788836773811734,54.27,0.0833,1132.11,6553600,78643200,10.6624,128000000000.0,512000000000.0,128000000000.0,32000000000.0,32.0,5.3312,54.29206157911665,18.090114918161667
l1_matrix_add,32,32,8192,16384,2,16,1,64,64,64.0,128.0,6.364349697398168,59.67,0.0833,1029.736,6553600,78643200,10.6624,128000000000.0,512000000000.0,128000000000.0,64000000000.0,42.6496,5.3312,59.68965427481775,14.922413568704437
l1_matrix_add,64,32,8192,16384,2,16,1,64,64,64.0,256.0,8.944635143342639,41.93,0.0833,732.685,6553600,78643200,21.3248,256000000000.0,512000000000.0,256000000000.0,64000000000.0,42.6496,21.3248,41.94475513647321,20.972377568236606
l1_matrix_add,64,64,8192,16384,2,16,1,64,64,128.0,256.0,9.342466339265986,43.79,0.0833,701.485,6553600,78643200,21.3248,256000000000.0,512000000000.0,256000000000.0,128000000000.0,42.6496,21.3248,43.810335099349054,21.905167549674527
l1_matrix_add,32,32,8192,16384,2,1,1,64,128,64.0,128.0,7.569913935197859,70.97,0.0833,865.743,6553600,78643200,10.6624,128000000000.0,1024000000000.0,128000000000.0,64000000000.0,64.0,2.6656,70.99634167915158,11.827990523746655
l1_matrix_add,32,64,8192,16384,2,1,1,64,128,128.0,128.0,8.045738530685306,75.43,0.0833,814.543,6553600,78643200,10.6624,128000000000.0,1024000000000.0,128000000000.0,128000000000.0,85.2992,2.6656,75.45898231810197,9.432372789762747
l1_matrix_add,64,64,8192,16384,2,1,1,64,128,128.0,256.0,12.917493687702406,60.55,0.0833,507.343,6553600,78643200,21.3248,256000000000.0,1024000000000.0,256000000000.0,128000000000.0,85.2992,10.6624,60.574981653766535,15.143745413441634
l1_matrix_add,32,64,8192,16384,2,2,1,64,128,128.0,128.0,8.033824046798594,75.32,0.0833,815.751,6553600,78643200,10.6624,128000000000.0,1024000000000.0,128000000000.0,128000000000.0,85.2992,2.6656,75.34723933447061,9.418404916808827
l1_matrix_add,64,32,8192,16384,2,2,1,64,128,64.0,256.0,11.708063049463068,54.88,0.0833,559.751,6553600,78643200,21.3248,256000000000.0,1024000000000.0,256000000000.0,64000000000.0,64.0,10.6624,54.90350694713698,18.293848514786042
l1_matrix_add,32,64,8192,16384,2,4,1,64,128,128.0,128.0,8.01604775184696,75.15,0.0833,817.56,6553600,78643200,10.6624,128000000000.0,1024000000000.0,128000000000.0,128000000000.0,85.2992,2.6656,75.18051988151785,9.397564985189732
l1_matrix_add,64,32,8192,16384,2,4,1,64,128,64.0,256.0,11.67034689080419,54.7,0.0833,561.56,6553600,78643200,21.3248,256000000000.0,1024000000000.0,256000000000.0,64000000000.0,64.0,10.6624,54.72664170732757,18.234917016881546
l1_matrix_add,32,32,8192,16384,2,8,1,64,128,64.0,128.0,7.479570874229628,70.12,0.0833,876.2,6553600,78643200,10.6624,128000000000.0,1024000000000.0,128000000000.0,64000000000.0,64.0,2.6656,70.14903656052697,11.686829490983794
l1_matrix_add,32,64,8192,16384,2,8,1,64,128,128.0,128.0,7.9436612889540745,74.47,0.0833,825.01,6553600,78643200,10.6624,128000000000.0,1024000000000.0,128000000000.0,128000000000.0,85.2992,2.6656,74.50162523403806,9.312703154254757
l1_matrix_add,64,16,8192,16384,2,8,1,64,128,32.0,256.0,9.758058632329227,45.74,0.0833,671.609,6553600,78643200,21.3248,256000000000.0,1024000000000.0,256000000000.0,32000000000.0,32.0,10.6624,45.759203520451436,30.493933226028837
l1_matrix_add,32,16,8192,16384,2,16,1,64,128,32.0,128.0,5.840789989661689,54.76,0.0833,1122.04,6553600,78643200,10.6624,128000000000.0,1024000000000.0,128000000000.0,32000000000.0,32.0,2.6656,54.77931788023043,18.25246871769278
l1_matrix_add,32,32,8192,16384,2,16,1,64,128,64.0,128.0,7.2939180992362855,68.38,0.0833,898.502,6553600,78643200,10.6624,128000000000.0,1024000000000.0,128000000000.0,64000000000.0,64.0,2.6656,68.40784531846757,11.396747030056696
l1_matrix_add,32,64,8192,16384,2,16,1,64,128,128.0,128.0,7.734668394503967,72.51,0.0833,847.302,6553600,78643200,10.6624,128000000000.0,1024000000000.0,128000000000.0,128000000000.0,85.2992,2.6656,72.54153281159934,9.067691601449917
l1_matrix_add,64,16,8192,16384,2,16,1,64,128,32.0,256.0,9.364011367809212,43.89,0.0833,699.871,6553600,78643200,21.3248,256000000000.0,1024000000000.0,256000000000.0,32000000000.0,32.0,10.6624,43.91136783373918,29.262535524403788
l1_matrix_add,64,32,8192,16384,2,16,1,64,128,64.0,256.0,10.96890058262242,51.42,0.0833,597.471,6553600,78643200,21.3248,256000000000.0,1024000000000.0,256000000000.0,64000000000.0,64.0,10.6624,51.43729639960243,17.13890716034753
l1_matrix_add,64,64,8192,16384,2,16,1,64,128,128.0,256.0,11.996975859966941,56.24,0.0833,546.271,6553600,78643200,21.3248,256000000000.0,1024000000000.0,256000000000.0,128000000000.0,85.2992,10.6624,56.258327674664905,14.064581918666226
l1_matrix_add,32,16,8192,16384,2,1,1,64,256,32.0,128.0,7.306726188418902,68.5,0.0833,896.927,6553600,78643200,10.6624,128000000000.0,2048000000000.0,128000000000.0,32000000000.0,32.0,1.3328,68.52796920410886,22.83351933880907
l1_matrix_add,32,32,8192,16384,2,1,1,64,256,64.0,128.0,8.242796231778334,77.28,0.0833,795.07,6553600,78643200,10.6624,128000000000.0,2048000000000.0,128000000000.0,64000000000.0,64.0,1.3328,77.30713752793305,12.879369112153647
l1_matrix_add,32,64,8192,16384,2,1,1,64,256,128.0,128.0,8.81657736097303,82.66,0.0833,743.327,6553600,78643200,10.6624,128000000000.0,2048000000000.0,128000000000.0,128000000000.0,128.0,1.3328,82.6884881543839,6.8879510632601795
l1_matrix_add,64,16,8192,16384,2,1,1,64,256,32.0,256.0,11.112938698753833,52.09,0.0833,589.727,6553600,78643200,21.3248,256000000000.0,2048000000000.0,256000000000.0,32000000000.0,32.0,5.3312,52.112745248508,34.72793343360573
l1_matrix_add,64,32,8192,16384,2,1,1,64,256,64.0,256.0,13.448054386479717,63.04,0.0833,487.327,6553600,78643200,21.3248,256000000000.0,2048000000000.0,256000000000.0,64000000000.0,64.0,5.3312,63.06298012867514,21.012584978874557
l1_matrix_add,64,64,8192,16384,2,1,1,64,256,128.0,256.0,15.026815583534155,70.44,0.0833,436.127,6553600,78643200,21.3248,256000000000.0,2048000000000.0,256000000000.0,128000000000.0,128.0,5.3312,70.46638460165701,11.739699674636059
l1_matrix_add,32,16,8192,16384,2,2,1,64,256,32.0,128.0,7.279076431635372,68.24,0.0833,900.334,6553600,78643200,10.6624,128000000000.0,2048000000000.0,128000000000.0,32000000000.0,32.0,1.3328,68.26864900618408,22.747113848860536
l1_matrix_add,32,32,8192,16384,2,2,1,64,256,64.0,128.0,5.840789989661689,54.76,0.0833,1122.04,6553600,78643200,10.6624,128000000000.0,2048000000000.0,128000000000.0,64000000000.0,64.0,1.3328,54.77931788023043,9.12623435884639
l1_matrix_add,32,64,8192,16384,2,2,1,64,256,128.0,128.0,8.7763514183096,82.28,0.0833,746.734,6553600,78643200,10.6624,128000000000.0,2048000000000.0,128000000000.0,128000000000.0,128.0,1.3328,82.31121903426622,6.856524545554375
l1_matrix_add,64,16,8192,16384,2,2,1,64,256,32.0,256.0,5.840789989661689,27.38,0.0833,1122.04,6553600,78643200,21.3248,256000000000.0,2048000000000.0,256000000000.0,32000000000.0,32.0,5.3312,27.389658940115215,18.25246871769278
l1_matrix_add,64,32,8192,16384,2,2,1,64,256,64.0,256.0,13.354689098371015,62.6,0.0833,490.734,6553600,78643200,21.3248,256000000000.0,2048000000000.0,256000000000.0,64000000000.0,64.0,5.3312,62.625155210698416,20.866701716204712
l1_matrix_add,64,64,8192,16384,2,2,1,64,256,128.0,256.0,4.586012577665723,21.5,0.0833,1429.041,6553600,78643200,21.3248,256000000000.0,2048000000000.0,256000000000.0,128000000000.0,128.0,5.3312,21.505536172276987,3.5828223263013457
l1_matrix_add,32,16,8192,16384,2,4,1,64,256,32.0,128.0,7.246815916987158,67.94,0.0833,904.342,6553600,78643200,10.6624,128000000000.0,2048000000000.0,128000000000.0,32000000000.0,32.0,1.3328,67.96608565601701,22.64629974058487
l1_matrix_add,32,32,8192,16384,2,4,1,64,256,64.0,128.0,8.172162076559154,76.61,0.0833,801.942,6553600,78643200,10.6624,128000000000.0,2048000000000.0,128000000000.0,64000000000.0,64.0,1.3328,76.64467733867754,12.769003244623677
l1_matrix_add,32,64,8192,16384,2,4,1,64,256,128.0,128.0,8.729496951016463,81.84,0.0833,750.742,6553600,78643200,10.6624,128000000000.0,2048000000000.0,128000000000.0,128000000000.0,128.0,1.3328,81.87178262883087,6.819919492981612
l1_matrix_add,64,16,8192,16384,2,4,1,64,256,32.0,256.0,10.974943983173182,51.45,0.0833,597.142,6553600,78643200,21.3248,256000000000.0,2048000000000.0,256000000000.0,32000000000.0,32.0,5.3312,51.465636175594526,34.296699947416194
l1_matrix_add,64,32,8192,16384,2,4,1,64,256,64.0,256.0,4.586012577665723,21.5,0.0833,1429.041,6553600,78643200,21.3248,256000000000.0,2048000000000.0,256000000000.0,64000000000.0,64.0,5.3312,21.505536172276987,7.165644652602691
l1_matrix_add,64,64,8192,16384,2,4,1,64,256,128.0,256.0,14.775601859575872,69.26,0.0833,443.542,6553600,78643200,21.3248,256000000000.0,2048000000000.0,256000000000.0,128000000000.0,128.0,5.3312,69.28834905638446,11.54343895279365
l1_matrix_add,32,16,8192,16384,2,8,1,64,256,32.0,128.0,4.662128034943197,43.71,0.0833,1405.71,6553600,78643200,10.6624,128000000000.0,2048000000000.0,128000000000.0,32000000000.0,32.0,1.3328,43.72494030371396,14.56915010919749
l1_matrix_add,32,32,8192,16384,2,8,1,64,256,64.0,128.0,8.069008143374614,75.65,0.0833,812.194,6553600,78643200,10.6624,128000000000.0,2048000000000.0,128000000000.0,64000000000.0,64.0,1.3328,75.67722223303022,12.607825224022834
l1_matrix_add,32,64,8192,16384,2,8,1,64,256,128.0,128.0,8.611894443320185,80.74,0.0833,760.994,6553600,78643200,10.6624,128000000000.0,2048000000000.0,128000000000.0,128000000000.0,128.0,1.3328,80.76881793330006,6.728042533843895
l1_matrix_add,64,16,8192,16384,2,8,1,64,256,32.0,256.0,10.786505018318758,50.56,0.0833,607.574,6553600,78643200,21.3248,256000000000.0,2048000000000.0,256000000000.0,32000000000.0,32.0,5.3312,50.58197506339454,33.70782818224612
l1_matrix_add,64,32,8192,16384,2,8,1,64,256,64.0,256.0,12.972467947893184,60.81,0.0833,505.193,6553600,78643200,21.3248,256000000000.0,2048000000000.0,256000000000.0,64000000000.0,64.0,5.3312,60.83277661639587,20.269481168583102
l1_matrix_add,64,64,8192,16384,2,8,1,64,256,128.0,256.0,14.435464863995701,67.67,0.0833,453.993,6553600,78643200,21.3248,256000000000.0,2048000000000.0,256000000000.0,128000000000.0,128.0,5.3312,67.69331887753086,11.277706924996641
l1_matrix_add,32,16,8192,16384,2,16,1,64,256,32.0,128.0,0.33519944535785134,3.14,0.0833,19551.345,6553600,78643200,10.6624,128000000000.0,2048000000000.0,128000000000.0,32000000000.0,32.0,1.3328,3.143752301150317,1.0474982667432855
l1_matrix_add,32,32,8192,16384,2,16,1,64,256,64.0,128.0,6.429239225658097,60.27,0.0833,1019.343,6553600,78643200,10.6624,128000000000.0,2048000000000.0,128000000000.0,64000000000.0,64.0,1.3328,60.2982370353588,10.045686290090776
l1_matrix_add,32,64,8192,16384,2,16,1,64,256,128.0,128.0,8.36680344088877,78.44,0.0833,783.286,6553600,78643200,10.6624,128000000000.0,2048000000000.0,128000000000.0,128000000000.0,128.0,1.3328,78.4701703264628,6.536565188194351
l1_matrix_add,64,16,8192,16384,2,16,1,64,256,32.0,256.0,4.662128034943197,21.85,0.0833,1405.71,6553600,78643200,21.3248,256000000000.0,2048000000000.0,256000000000.0,32000000000.0,32.0,5.3312,21.86247015185698,14.56915010919749
l1_matrix_add,64,32,8192,16384,2,16,1,64,256,64.0,256.0,12.104398963472184,56.74,0.0833,541.423,6553600,78643200,21.3248,256000000000.0,2048000000000.0,256000000000.0,64000000000.0,64.0,5.3312,56.76207497126437,18.913123380425287
l1_matrix_add,64,64,8192,16384,2,16,1,64,256,128.0,256.0,13.679809464567883,64.12,0.0833,479.071,6553600,78643200,21.3248,256000000000.0,2048000000000.0,256000000000.0,128000000000.0,128.0,5.3312,64.1497667718707,10.68735114419366
l1_matrix_add,32,128,8192,16384,2,1,1,32,32,256.0,128.0,4.662287235480507,43.71,0.0833,1405.662,6553600,78643200,10.6624,128000000000.0,128000000000.0,128000000000.0,256000000000.0,10.6624,10.6624,43.726433405992154,43.726433405992154
l1_matrix_add,64,128,8192,16384,2,1,1,32,32,256.0,128.0,5.568939160257408,52.21,0.0833,1176.813,6553600,78643200,10.6624,256000000000.0,128000000000.0,128000000000.0,256000000000.0,10.6624,42.6496,52.2296965060156,52.2296965060156
l1_matrix_add,32,128,8192,16384,2,2,1,32,32,256.0,128.0,4.673521678577007,43.81,0.0833,1402.283,6553600,78643200,10.6624,128000000000.0,128000000000.0,128000000000.0,256000000000.0,10.6624,10.6624,43.83179845604186,43.83179845604186
l1_matrix_add,64,128,8192,16384,2,2,1,32,32,256.0,128.0,5.584975379953198,52.36,0.0833,1173.434,6553600,78643200,10.6624,256000000000.0,128000000000.0,128000000000.0,256000000000.0,10.6624,42.6496,52.380096225551455,52.380096225551455
l1_matrix_add,32,128,8192,16384,2,4,1,32,32,256.0,128.0,4.686810550186762,43.94,0.0833,1398.307,6553600,78643200,10.6624,128000000000.0,128000000000.0,128000000000.0,256000000000.0,10.6624,10.6624,43.95643148059313,43.95643148059313
l1_matrix_add,64,128,8192,16384,2,4,1,32,32,256.0,128.0,5.603963545505697,52.54,0.0833,1169.458,6553600,78643200,10.6624,256000000000.0,128000000000.0,128000000000.0,256000000000.0,10.6624,42.6496,52.55818151172059,52.55818151172059
l1_matrix_add,32,128,8192,16384,2,8,1,32,32,256.0,128.0,4.720964190086234,44.26,0.0833,1388.191,6553600,78643200,10.6624,128000000000.0,128000000000.0,128000000000.0,256000000000.0,10.6624,10.6624,44.276749982051264,44.276749982051264
l1_matrix_add,64,128,8192,16384,2,8,1,32,32,256.0,128.0,5.652861709486933,53.0,0.0833,1159.342,6553600,78643200,10.6624,256000000000.0,128000000000.0,128000000000.0,256000000000.0,10.6624,42.6496,53.016785240536215,53.016785240536215
l1_matrix_add,32,128,8192,16384,2,16,1,32,32,256.0,128.0,4.795589603018904,44.96,0.0833,1366.589,6553600,78643200,10.6624,128000000000.0,128000000000.0,128000000000.0,256000000000.0,10.6624,10.6624,44.97664318557645,44.97664318557645
l1_matrix_add,64,128,8192,16384,2,16,1,32,32,256.0,128.0,5.758176952179789,53.98,0.0833,1138.138,6553600,78643200,10.6624,256000000000.0,128000000000.0,128000000000.0,256000000000.0,10.6624,42.6496,54.00451073097791,54.00451073097791
l1_matrix_add,32,128,8192,16384,2,1,1,32,64,256.0,128.0,6.579087384527661,61.68,0.0833,996.126,6553600,78643200,10.6624,128000000000.0,256000000000.0,128000000000.0,256000000000.0,21.3248,5.3312,61.70362568021891,30.851812840109456
l1_matrix_add,64,128,8192,16384,2,1,1,32,64,256.0,256.0,9.512777860031413,44.59,0.0833,688.926,6553600,78643200,21.3248,256000000000.0,256000000000.0,256000000000.0,256000000000.0,21.3248,21.3248,44.608989814823175,44.608989814823175
l1_matrix_add,32,128,8192,16384,2,2,1,32,64,256.0,128.0,6.601480538344615,61.89,0.0833,992.747,6553600,78643200,10.6624,128000000000.0,256000000000.0,128000000000.0,256000000000.0,21.3248,5.3312,61.91364550518284,30.95682275259142
l1_matrix_add,64,128,8192,16384,2,2,1,32,64,256.0,256.0,9.559665493394325,44.81,0.0833,685.547,6553600,78643200,21.3248,256000000000.0,256000000000.0,256000000000.0,256000000000.0,21.3248,21.3248,44.82886354570418,44.82886354570418
l1_matrix_add,32,128,8192,16384,2,4,1,32,64,256.0,128.0,6.628026105134557,62.14,0.0833,988.771,6553600,78643200,10.6624,128000000000.0,256000000000.0,128000000000.0,256000000000.0,21.3248,5.3312,62.1626097795483,31.08130488977415
l1_matrix_add,64,128,8192,16384,2,4,1,32,64,256.0,256.0,9.615432581491877,45.07,0.0833,681.571,6553600,78643200,21.3248,256000000000.0,256000000000.0,256000000000.0,256000000000.0,21.3248,21.3248,45.09037637629369,45.09037637629369
l1_matrix_add,32,128,8192,16384,2,8,1,32,64,256.0,128.0,6.673468847437676,62.56,0.0833,982.038,6553600,78643200,10.6624,128000000000.0,256000000000.0,128000000000.0,256000000000.0,21.3248,5.3312,62.588805967115064,31.294402983557532
l1_matrix_add,64,128,8192,16384,2,8,1,32,64,256.0,256.0,9.708504867140618,45.51,0.0833,675.037,6553600,78643200,21.3248,256000000000.0,256000000000.0,256000000000.0,256000000000.0,21.3248,21.3248,45.526827295639904,45.526827295639904
l1_matrix_add,32,128,8192,16384,2,16,1,32,64,256.0,128.0,6.6484332519051765,62.33,0.0833,985.736,6553600,78643200,10.6624,128000000000.0,256000000000.0,128000000000.0,256000000000.0,21.3248,5.3312,62.35400333794622,31.17700166897311
l1_matrix_add,64,128,8192,16384,2,16,1,32,64,256.0,256.0,6.429239225658097,30.14,0.0833,1019.343,6553600,78643200,21.3248,256000000000.0,256000000000.0,256000000000.0,256000000000.0,21.3248,21.3248,30.1491185176794,30.1491185176794
l1_matrix_add,32,128,8192,16384,2,1,1,32,128,256.0,128.0,6.429239225658097,60.27,0.0833,1019.343,6553600,78643200,10.6624,128000000000.0,512000000000.0,128000000000.0,256000000000.0,42.6496,2.6656,60.2982370353588,15.0745592588397
l1_matrix_add,64,128,8192,16384,2,1,1,32,128,256.0,256.0,13.403607373456621,62.83,0.0833,488.943,6553600,78643200,21.3248,256000000000.0,512000000000.0,256000000000.0,256000000000.0,42.6496,10.6624,62.85455138363136,31.42727569181568
l1_matrix_add,32,128,8192,16384,2,2,1,32,128,256.0,128.0,8.219215878577943,77.06,0.0833,797.351,6553600,78643200,10.6624,128000000000.0,512000000000.0,128000000000.0,256000000000.0,42.6496,2.6656,77.0859832549702,19.27149581374255
l1_matrix_add,64,128,8192,16384,2,2,1,32,128,256.0,256.0,13.37057355794439,62.67,0.0833,490.151,6553600,78643200,21.3248,256000000000.0,512000000000.0,256000000000.0,256000000000.0,42.6496,10.6624,62.69964341022842,31.34982170511421
l1_matrix_add,32,128,8192,16384,2,4,1,32,128,256.0,128.0,8.200610641173233,76.88,0.0833,799.16,6553600,78643200,10.6624,128000000000.0,512000000000.0,128000000000.0,256000000000.0,42.6496,2.6656,76.91148935674175,19.22787233918544
l1_matrix_add,64,128,8192,16384,2,4,1,32,128,256.0,256.0,13.321408244572732,62.44,0.0833,491.96,6553600,78643200,21.3248,256000000000.0,512000000000.0,256000000000.0,256000000000.0,42.6496,10.6624,62.469088781947455,31.234544390973728
l1_matrix_add,32,128,8192,16384,2,8,1,32,128,256.0,128.0,8.12486827587062,76.17,0.0833,806.61,6553600,78643200,10.6624,128000000000.0,512000000000.0,128000000000.0,256000000000.0,42.6496,2.6656,76.20112053450086,19.050280133625215
l1_matrix_add,64,128,8192,16384,2,8,1,32,128,256.0,256.0,13.117457852040298,61.49,0.0833,499.609,6553600,78643200,21.3248,256000000000.0,512000000000.0,256000000000.0,256000000000.0,42.6496,10.6624,61.51268875694167,30.756344378470835
l1_matrix_add,32,128,8192,16384,2,16,1,32,128,256.0,128.0,7.906362875225299,74.12,0.0833,828.902,6553600,78643200,10.6624,128000000000.0,512000000000.0,128000000000.0,256000000000.0,42.6496,2.6656,74.1518126803093,18.537953170077326
l1_matrix_add,64,128,8192,16384,2,16,1,32,128,256.0,256.0,12.415154460085894,58.2,0.0833,527.871,6553600,78643200,21.3248,256000000000.0,512000000000.0,256000000000.0,256000000000.0,42.6496,10.6624,58.21932426135717,29.109662130678586
l1_matrix_add,32,128,8192,16384,2,1,1,32,256,256.0,128.0,9.131048434850578,85.6,0.0833,717.727,6553600,78643200,10.6624,128000000000.0,1024000000000.0,128000000000.0,256000000000.0,85.2992,1.3328,85.63783421040833,10.704729276301041
l1_matrix_add,64,128,8192,16384,2,1,1,32,256,256.0,256.0,15.963870829446055,74.83,0.0833,410.527,6553600,78643200,21.3248,256000000000.0,1024000000000.0,256000000000.0,256000000000.0,85.2992,5.3312,74.86058874852779,18.715147187131947
l1_matrix_add,32,128,8192,16384,2,2,1,32,256,256.0,128.0,9.087908765915905,85.2,0.0833,721.134,6553600,78643200,10.6624,128000000000.0,1024000000000.0,128000000000.0,256000000000.0,85.2992,1.3328,85.23323797565187,10.654154746956484
l1_matrix_add,64,128,8192,16384,2,2,1,32,256,256.0,256.0,15.832475708687857,74.21,0.0833,413.934,6553600,78643200,21.3248,256000000000.0,1024000000000.0,256000000000.0,256000000000.0,85.2992,5.3312,74.24442765553654,18.561106913884135
l1_matrix_add,32,128,8192,16384,2,4,1,32,256,256.0,128.0,9.03767813752341,84.73,0.0833,725.142,6553600,78643200,10.6624,128000000000.0,1024000000000.0,128000000000.0,256000000000.0,85.2992,1.3328,84.76213739423966,10.595267174279957
l1_matrix_add,64,128,8192,16384,2,4,1,32,256,256.0,256.0,15.680644682755025,73.5,0.0833,417.942,6553600,78643200,21.3248,256000000000.0,1024000000000.0,256000000000.0,256000000000.0,85.2992,5.3312,73.53243492438394,18.383108731095984
l1_matrix_add,32,128,8192,16384,2,8,1,32,256,256.0,128.0,8.911685436650286,83.55,0.0833,735.394,6553600,78643200,10.6624,128000000000.0,1024000000000.0,128000000000.0,256000000000.0,85.2992,1.3328,83.58048316186117,10.447560395232646
l1_matrix_add,64,128,8192,16384,2,8,1,32,256,256.0,256.0,15.298102443317237,71.71,0.0833,428.393,6553600,78643200,21.3248,256000000000.0,1024000000000.0,256000000000.0,256000000000.0,85.2992,5.3312,71.73855062329886,17.934637655824716
l1_matrix_add,32,128,8192,16384,2,16,1,32,256,256.0,128.0,8.64949332573124,81.09,0.0833,757.686,6553600,78643200,10.6624,128000000000.0,1024000000000.0,128000000000.0,256000000000.0,85.2992,1.3328,81.12144850813362,10.140181063516703
l1_matrix_add,64,128,8192,16384,2,16,1,32,256,256.0,256.0,14.452081831032196,67.74,0.0833,453.471,6553600,78643200,21.3248,256000000000.0,1024000000000.0,256000000000.0,256000000000.0,85.2992,5.3312,67.77124207979534,16.942810519948836
l1_matrix_add,32,128,8192,16384,2,1,1,64,32,256.0,128.0,4.662287235480507,43.71,0.0833,1405.662,6553600,78643200,10.6624,128000000000.0,256000000000.0,128000000000.0,256000000000.0,21.3248,10.6624,43.726433405992154,21.863216702996077
l1_matrix_add,64,128,8192,16384,2,1,1,64,32,256.0,256.0,5.568939160257408,26.1,0.0833,1176.813,6553600,78643200,21.3248,256000000000.0,256000000000.0,256000000000.0,256000000000.0,21.3248,42.6496,26.1148482530078,26.1148482530078
l1_matrix_add,32,128,8192,16384,2,2,1,64,32,256.0,128.0,4.673521678577007,43.81,0.0833,1402.283,6553600,78643200,10.6624,128000000000.0,256000000000.0,128000000000.0,256000000000.0,21.3248,10.6624,43.83179845604186,21.91589922802093
l1_matrix_add,64,128,8192,16384,2,2,1,64,32,256.0,256.0,5.584975379953198,26.18,0.0833,1173.434,6553600,78643200,21.3248,256000000000.0,256000000000.0,256000000000.0,256000000000.0,21.3248,42.6496,26.190048112775727,26.190048112775727
l1_matrix_add,32,128,8192,16384,2,4,1,64,32,256.0,128.0,4.686810550186762,43.94,0.0833,1398.307,6553600,78643200,10.6624,128000000000.0,256000000000.0,128000000000.0,256000000000.0,21.3248,10.6624,43.95643148059313,21.978215740296566
l1_matrix_add,64,128,8192,16384,2,4,1,64,32,256.0,256.0,5.603963545505697,26.27,0.0833,1169.458,6553600,78643200,21.3248,256000000000.0,256000000000.0,256000000000.0,256000000000.0,21.3248,42.6496,26.279090755860295,26.279090755860295
l1_matrix_add,32,128,8192,16384,2,8,1,64,32,256.0,128.0,4.720964190086234,44.26,0.0833,1388.191,6553600,78643200,10.6624,128000000000.0,256000000000.0,128000000000.0,256000000000.0,21.3248,10.6624,44.276749982051264,22.138374991025632
l1_matrix_add,64,128,8192,16384,2,8,1,64,32,256.0,256.0,5.652861709486933,26.5,0.0833,1159.342,6553600,78643200,21.3248,256000000000.0,256000000000.0,256000000000.0,256000000000.0,21.3248,42.6496,26.508392620268108,26.508392620268108
l1_matrix_add,32,128,8192,16384,2,16,1,64,32,256.0,128.0,4.795589603018904,44.96,0.0833,1366.589,6553600,78643200,10.6624,128000000000.0,256000000000.0,128000000000.0,256000000000.0,21.3248,10.6624,44.97664318557645,22.488321592788225
l1_matrix_add,64,128,8192,16384,2,16,1,64,32,256.0,256.0,5.758176952179789,26.99,0.0833,1138.138,6553600,78643200,21.3248,256000000000.0,256000000000.0,256000000000.0,256000000000.0,21.3248,42.6496,27.002255365488956,27.002255365488956
l1_matrix_add,32,128,8192,16384,2,1,1,64,64,256.0,128.0,6.579087384527661,61.68,0.0833,996.126,6553600,78643200,10.6624,128000000000.0,512000000000.0,128000000000.0,256000000000.0,42.6496,5.3312,61.70362568021891,15.425906420054728
l1_matrix_add,64,128,8192,16384,2,1,1,64,64,256.0,256.0,9.512777860031413,44.59,0.0833,688.926,6553600,78643200,21.3248,256000000000.0,512000000000.0,256000000000.0,256000000000.0,42.6496,21.3248,44.608989814823175,22.304494907411588
l1_matrix_add,32,128,8192,16384,2,2,1,64,64,256.0,128.0,6.601480538344615,61.89,0.0833,992.747,6553600,78643200,10.6624,128000000000.0,512000000000.0,128000000000.0,256000000000.0,42.6496,5.3312,61.91364550518284,15.47841137629571
l1_matrix_add,64,128,8192,16384,2,2,1,64,64,256.0,256.0,9.559665493394325,44.81,0.0833,685.547,6553600,78643200,21.3248,256000000000.0,512000000000.0,256000000000.0,256000000000.0,42.6496,21.3248,44.82886354570418,22.41443177285209
l1_matrix_add,32,128,8192,16384,2,4,1,64,64,256.0,128.0,6.628026105134557,62.14,0.0833,988.771,6553600,78643200,10.6624,128000000000.0,512000000000.0,128000000000.0,256000000000.0,42.6496,5.3312,62.1626097795483,15.540652444887074
l1_matrix_add,64,128,8192,16384,2,4,1,64,64,256.0,256.0,9.615432581491877,45.07,0.0833,681.571,6553600,78643200,21.3248,256000000000.0,512000000000.0,256000000000.0,256000000000.0,42.6496,21.3248,45.09037637629369,22.545188188146845
l1_matrix_add,32,128,8192,16384,2,8,1,64,64,256.0,128.0,6.673468847437676,62.56,0.0833,982.038,6553600,78643200,10.6624,128000000000.0,512000000000.0,128000000000.0,256000000000.0,42.6496,5.3312,62.588805967115064,15.647201491778766
l1_matrix_add,64,128,8192,16384,2,8,1,64,64,256.0,256.0,9.708504867140618,45.51,0.0833,675.037,6553600,78643200,21.3248,256000000000.0,512000000000.0,256000000000.0,256000000000.0,42.6496,21.3248,45.526827295639904,22.763413647819952
l1_matrix_add,32,128,8192,16384,2,16,1,64,64,256.0,128.0,6.6484332519051765,62.33,0.0833,985.736,6553600,78643200,10.6624,128000000000.0,512000000000.0,128000000000.0,256000000000.0,42.6496,5.3312,62.35400333794622,15.588500834486554
l1_matrix_add,64,128,8192,16384,2,16,1,64,64,256.0,256.0,9.516106783217293,44.61,0.0833,688.685,6553600,78643200,21.3248,256000000000.0,512000000000.0,256000000000.0,256000000000.0,42.6496,21.3248,44.62460038648565,22.312300193242827
l1_matrix_add,32,128,8192,16384,2,1,1,64,128,256.0,128.0,8.23168702105024,77.17,0.0833,796.143,6553600,78643200,10.6624,128000000000.0,1024000000000.0,128000000000.0,256000000000.0,85.2992,2.6656,77.20294700114646,9.650368375143307
l1_matrix_add,64,128,8192,16384,2,1,1,64,128,256.0,256.0,13.403607373456621,62.83,0.0833,488.943,6553600,78643200,21.3248,256000000000.0,1024000000000.0,256000000000.0,256000000000.0,85.2992,10.6624,62.85455138363136,15.71363784590784
l1_matrix_add,32,128,8192,16384,2,2,1,64,128,256.0,128.0,8.219215878577943,77.06,0.0833,797.351,6553600,78643200,10.6624,128000000000.0,1024000000000.0,128000000000.0,256000000000.0,85.2992,2.6656,77.0859832549702,9.635747906871275
l1_matrix_add,64,128,8192,16384,2,2,1,64,128,256.0,256.0,13.37057355794439,62.67,0.0833,490.151,6553600,78643200,21.3248,256000000000.0,1024000000000.0,256000000000.0,256000000000.0,85.2992,10.6624,62.69964341022842,15.674910852557105
l1_matrix_add,32,128,8192,16384,2,4,1,64,128,256.0,128.0,8.200610641173233,76.88,0.0833,799.16,6553600,78643200,10.6624,128000000000.0,1024000000000.0,128000000000.0,256000000000.0,85.2992,2.6656,76.91148935674175,9.61393616959272
l1_matrix_add,64,128,8192,16384,2,4,1,64,128,256.0,256.0,13.321408244572732,62.44,0.0833,491.96,6553600,78643200,21.3248,256000000000.0,1024000000000.0,256000000000.0,256000000000.0,85.2992,10.6624,62.469088781947455,15.617272195486864
l1_matrix_add,32,128,8192,16384,2,8,1,64,128,256.0,128.0,8.12486827587062,76.17,0.0833,806.61,6553600,78643200,10.6624,128000000000.0,1024000000000.0,128000000000.0,256000000000.0,85.2992,2.6656,76.20112053450086,9.525140066812607
l1_matrix_add,64,128,8192,16384,2,8,1,64,128,256.0,256.0,13.117457852040298,61.49,0.0833,499.609,6553600,78643200,21.3248,256000000000.0,1024000000000.0,256000000000.0,256000000000.0,85.2992,10.6624,61.51268875694167,15.378172189235418
l1_matrix_add,32,128,8192,16384,2,16,1,64,128,256.0,128.0,7.906362875225299,74.12,0.0833,828.902,6553600,78643200,10.6624,128000000000.0,1024000000000.0,128000000000.0,256000000000.0,85.2992,2.6656,74.1518126803093,9.268976585038663
l1_matrix_add,64,128,8192,16384,2,16,1,64,128,256.0,256.0,12.415154460085894,58.2,0.0833,527.871,6553600,78643200,21.3248,256000000000.0,1024000000000.0,256000000000.0,256000000000.0,85.2992,10.6624,58.21932426135717,14.554831065339293
l1_matrix_add,32,128,8192,16384,2,1,1,64,256,256.0,128.0,9.131048434850578,85.6,0.0833,717.727,6553600,78643200,10.6624,128000000000.0,2048000000000.0,128000000000.0,256000000000.0,170.5984,1.3328,85.63783421040833,5.3523646381505205
l1_matrix_add,64,128,8192,16384,2,1,1,64,256,256.0,256.0,15.963870829446055,74.83,0.0833,410.527,6553600,78643200,21.3248,256000000000.0,2048000000000.0,256000000000.0,256000000000.0,170.5984,5.3312,74.86058874852779,9.357573593565974
l1_matrix_add,32,128,8192,16384,2,2,1,64,256,256.0,128.0,9.087908765915905,85.2,0.0833,721.134,6553600,78643200,10.6624,128000000000.0,2048000000000.0,128000000000.0,256000000000.0,170.5984,1.3328,85.23323797565187,5.327077373478242
l1_matrix_add,64,128,8192,16384,2,2,1,64,256,256.0,256.0,15.832475708687857,74.21,0.0833,413.934,6553600,78643200,21.3248,256000000000.0,2048000000000.0,256000000000.0,256000000000.0,170.5984,5.3312,74.24442765553654,9.280553456942068
l1_matrix_add,32,128,8192,16384,2,4,1,64,256,256.0,128.0,9.03767813752341,84.73,0.0833,725.142,6553600,78643200,10.6624,128000000000.0,2048000000000.0,128000000000.0,256000000000.0,170.5984,1.3328,84.76213739423966,5.297633587139979
l1_matrix_add,64,128,8192,16384,2,4,1,64,256,256.0,256.0,15.680644682755025,73.5,0.0833,417.942,6553600,78643200,21.3248,256000000000.0,2048000000000.0,256000000000.0,256000000000.0,170.5984,5.3312,73.53243492438394,9.191554365547992
l1_matrix_add,32,128,8192,16384,2,8,1,64,256,256.0,128.0,8.911685436650286,83.55,0.0833,735.394,6553600,78643200,10.6624,128000000000.0,2048000000000.0,128000000000.0,256000000000.0,170.5984,1.3328,83.58048316186117,5.223780197616323
l1_matrix_add,64,128,8192,16384,2,8,1,64,256,256.0,256.0,15.298102443317237,71.71,0.0833,428.393,6553600,78643200,21.3248,256000000000.0,2048000000000.0,256000000000.0,256000000000.0,170.5984,5.3312,71.73855062329886,8.967318827912358
l1_matrix_add,32,128,8192,16384,2,16,1,64,256,256.0,128.0,8.64949332573124,81.09,0.0833,757.686,6553600,78643200,10.6624,128000000000.0,2048000000000.0,128000000000.0,256000000000.0,170.5984,1.3328,81.12144850813362,5.070090531758352
l1_matrix_add,64,128,8192,16384,2,16,1,64,256,256.0,256.0,14.452081831032196,67.74,0.0833,453.471,6553600,78643200,21.3248,256000000000.0,2048000000000.0,256000000000.0,256000000000.0,170.5984,5.3312,67.77124207979534,8.471405259974418
l1_matrix_add,32,128,8192,16384,2,1,1,32,32,256.0,128.0,4.662287235480507,43.71,0.0833,1405.662,6553600,78643200,10.6624,128000000000.0,128000000000.0,128000000000.0,256000000000.0,10.6624,10.6624,43.726433405992154,43.726433405992154
l1_matrix_add,64,128,8192,16384,2,1,1,32,32,256.0,128.0,5.568939160257408,52.21,0.0833,1176.813,6553600,78643200,10.6624,256000000000.0,128000000000.0,128000000000.0,256000000000.0,10.6624,42.6496,52.2296965060156,52.2296965060156
l1_matrix_add,32,128,8192,16384,2,2,1,32,32,256.0,128.0,4.673521678577007,43.81,0.0833,1402.283,6553600,78643200,10.6624,128000000000.0,128000000000.0,128000000000.0,256000000000.0,10.6624,10.6624,43.83179845604186,43.83179845604186
l1_matrix_add,128,32,8192,16384,2,1,1,32,32,64.0,128.0,6.568859460526804,61.58,0.0833,997.677,6553600,78643200,10.6624,512000000000.0,128000000000.0,128000000000.0,64000000000.0,10.6624,64.0,61.607700522647846,61.607700522647846
l1_matrix_add,16,32,8192,16384,2,2,1,32,32,64.0,64.0,3.2496153428493937,60.93,0.0833,2016.731,6553600,78643200,5.3312,64000000000.0,128000000000.0,64000000000.0,64000000000.0,10.6624,2.6656,60.95466954624463,30.477334773122315
l1_matrix_add,128,32,8192,16384,2,2,1,32,32,64.0,128.0,6.59118292503857,61.79,0.0833,994.298,6553600,78643200,10.6624,512000000000.0,128000000000.0,128000000000.0,64000000000.0,10.6624,64.0,61.81706674893617,61.81706674893617
l1_matrix_add,16,32,8192,16384,2,4,1,32,32,64.0,64.0,3.2560346390892083,61.05,0.0833,2012.755,6553600,78643200,5.3312,64000000000.0,128000000000.0,64000000000.0,64000000000.0,10.6624,2.6656,61.07507951472855,30.537539757364275
l1_matrix_add,128,32,8192,16384,2,4,1,32,32,64.0,128.0,6.6176455738638555,62.04,0.0833,990.322,6553600,78643200,10.6624,512000000000.0,128000000000.0,128000000000.0,64000000000.0,10.6624,64.0,62.06525335631618,62.06525335631618
l1_matrix_add,16,32,8192,16384,2,8,1,32,32,64.0,64.0,3.27248196005371,61.36,0.0833,2002.639,6553600,78643200,5.3312,64000000000.0,128000000000.0,64000000000.0,64000000000.0,10.6624,2.6656,61.38359018708189,30.691795093540946
l1_matrix_add,128,32,8192,16384,2,8,1,32,32,64.0,128.0,6.685941526577067,62.68,0.0833,980.206,6553600,78643200,10.6624,512000000000.0,128000000000.0,128000000000.0,64000000000.0,10.6624,64.0,62.705784125310124,62.705784125310124
l1_matrix_add,16,32,8192,16384,2,16,1,32,32,64.0,64.0,3.2922918794386993,61.73,0.0833,1990.589,6553600,78643200,5.3312,64000000000.0,128000000000.0,64000000000.0,64000000000.0,10.6624,2.6656,61.75517480939937,30.877587404699685
l1_matrix_add,128,32,8192,16384,2,16,1,32,32,64.0,128.0,6.700296286905511,62.82,0.0833,978.106,6553600,78643200,10.6624,512000000000.0,128000000000.0,128000000000.0,64000000000.0,10.6624,64.0,62.84041385528127,62.84041385528127
l1_matrix_add,16,32,8192,16384,2,1,1,32,64,64.0,64.0,4.0114020381418625,75.21,0.0833,1633.743,6553600,78643200,5.3312,64000000000.0,256000000000.0,64000000000.0,64000000000.0,21.3248,1.3328,75.24388576946771,18.810971442366927
l1_matrix_add,128,32,8192,16384,2,1,1,32,64,64.0,256.0,11.733384896059928,55.0,0.0833,558.543,6553600,78643200,21.3248,512000000000.0,256000000000.0,256000000000.0,64000000000.0,21.3248,64.0,55.02225060052112,55.02225060052112
l1_matrix_add,16,32,8192,16384,2,2,1,32,64,64.0,64.0,4.011367663612154,75.21,0.0833,1633.757,6553600,78643200,5.3312,64000000000.0,256000000000.0,64000000000.0,64000000000.0,21.3248,1.3328,75.24324098912352,18.81081024728088
l1_matrix_add,128,32,8192,16384,2,2,1,32,64,64.0,256.0,11.708063049463068,54.88,0.0833,559.751,6553600,78643200,21.3248,512000000000.0,256000000000.0,256000000000.0,64000000000.0,21.3248,64.0,54.90350694713698,54.90350694713698
l1_matrix_add,16,32,8192,16384,2,4,1,32,64,64.0,64.0,4.011328379156713,75.21,0.0833,1633.773,6553600,78643200,5.3312,64000000000.0,256000000000.0,64000000000.0,64000000000.0,21.3248,1.3328,75.2425041108327,18.810626027708174
l1_matrix_add,128,32,8192,16384,2,4,1,32,64,64.0,256.0,11.67034689080419,54.7,0.0833,561.56,6553600,78643200,21.3248,512000000000.0,256000000000.0,256000000000.0,64000000000.0,21.3248,64.0,54.72664170732757,54.72664170732757
l1_matrix_add,16,32,8192,16384,2,8,1,32,64,64.0,64.0,4.010672933343126,75.2,0.0833,1634.04,6553600,78643200,5.3312,64000000000.0,256000000000.0,64000000000.0,64000000000.0,21.3248,1.3328,75.23020958401722,18.807552396004304
l1_matrix_add,128,32,8192,16384,2,8,1,32,64,64.0,256.0,11.513521395480398,53.97,0.0833,569.209,6553600,78643200,21.3248,512000000000.0,256000000000.0,256000000000.0,64000000000.0,21.3248,64.0,53.991228032527374,53.991228032527374
l1_matrix_add,16,32,8192,16384,2,16,1,32,64,64.0,64.0,3.9860449500527944,74.74,0.0833,1644.136,6553600,78643200,5.3312,64000000000.0,256000000000.0,64000000000.0,64000000000.0,21.3248,1.3328,74.7682501135353,18.692062528383826
l1_matrix_add,128,32,8192,16384,2,16,1,32,64,64.0,256.0,10.96890058262242,51.42,0.0833,597.471,6553600,78643200,21.3248,512000000000.0,256000000000.0,256000000000.0,64000000000.0,21.3248,64.0,51.43729639960243,51.43729639960243
l1_matrix_add,16,32,8192,16384,2,1,1,32,128,64.0,64.0,4.427680298457649,83.02,0.0833,1480.143,6553600,78643200,5.3312,64000000000.0,512000000000.0,64000000000.0,64000000000.0,42.6496,0.6664,83.0522264866756,10.38152831083445
l1_matrix_add,128,32,8192,16384,2,1,1,32,128,64.0,512.0,16.1840061440746,37.93,0.0833,404.943,6553600,78643200,42.6496,512000000000.0,512000000000.0,512000000000.0,64000000000.0,42.6496,42.6496,37.94644297736579,37.94644297736579
l1_matrix_add,16,32,8192,16384,2,2,1,32,128,64.0,64.0,4.424069649934418,82.95,0.0833,1481.351,6553600,78643200,5.3312,64000000000.0,512000000000.0,64000000000.0,64000000000.0,42.6496,0.6664,82.98449973616479,10.373062467020599
l1_matrix_add,128,32,8192,16384,2,2,1,32,128,64.0,512.0,16.08857356786017,37.71,0.0833,407.345,6553600,78643200,42.6496,512000000000.0,512000000000.0,512000000000.0,64000000000.0,42.6496,42.6496,37.72268337302148,37.72268337302148
l1_matrix_add,16,32,8192,16384,2,4,1,32,128,64.0,64.0,4.41867364276275,82.85,0.0833,1483.16,6553600,78643200,5.3312,64000000000.0,512000000000.0,64000000000.0,64000000000.0,42.6496,0.6664,82.88328411544774,10.360410514430967
l1_matrix_add,128,32,8192,16384,2,4,1,32,128,64.0,512.0,15.947555280851304,37.38,0.0833,410.947,6553600,78643200,42.6496,512000000000.0,512000000000.0,512000000000.0,64000000000.0,42.6496,42.6496,37.39203950529736,37.39203950529736
l1_matrix_add,16,32,8192,16384,2,8,1,32,128,64.0,64.0,4.396589315783472,82.44,0.0833,1490.61,6553600,78643200,5.3312,64000000000.0,512000000000.0,64000000000.0,64000000000.0,42.6496,0.6664,82.46903728585444,10.308629660731805
l1_matrix_add,128,32,8192,16384,2,8,1,32,128,64.0,512.0,15.406423888231963,36.11,0.0833,425.381,6553600,78643200,42.6496,512000000000.0,512000000000.0,512000000000.0,64000000000.0,42.6496,42.6496,36.123255290159726,36.123255290159726
l1_matrix_add,16,32,8192,16384,2,16,1,32,128,64.0,64.0,4.331807347733032,81.22,0.0833,1512.902,6553600,78643200,5.3312,64000000000.0,512000000000.0,64000000000.0,64000000000.0,42.6496,0.6664,81.25388932572464,10.15673616571558
l1_matrix_add,128,32,8192,16384,2,16,1,32,128,64.0,512.0,14.251014962956843,33.4,0.0833,459.869,6553600,78643200,42.6496,512000000000.0,512000000000.0,512000000000.0,64000000000.0,42.6496,42.6496,33.41418199222699,33.41418199222699
l1_matrix_add,16,32,8192,16384,2,1,1,32,256,64.0,64.0,4.651483007991188,87.22,0.0833,1408.927,6553600,78643200,5.3312,64000000000.0,1024000000000.0,64000000000.0,64000000000.0,64.0,0.3332,87.25020648242774,7.267942199986231
l1_matrix_add,128,32,8192,16384,2,1,1,32,256,64.0,512.0,19.637607984969755,46.03,0.0833,333.727,6553600,78643200,42.6496,512000000000.0,1024000000000.0,512000000000.0,64000000000.0,64.0,21.3248,46.044061339308584,30.68376247651524
l1_matrix_add,16,32,8192,16384,2,2,1,32,256,64.0,64.0,4.640262147622305,87.0,0.0833,1412.334,6553600,78643200,5.3312,64000000000.0,1024000000000.0,64000000000.0,64000000000.0,64.0,0.3332,87.03973116038239,7.250409605659852
l1_matrix_add,128,32,8192,16384,2,2,1,32,256,64.0,512.0,19.370551654016225,45.4,0.0833,338.328,6553600,78643200,42.6496,512000000000.0,1024000000000.0,512000000000.0,64000000000.0,64.0,21.3248,45.41789759813979,30.266486959400353
l1_matrix_add,16,32,8192,16384,2,4,1,32,256,64.0,64.0,4.627131017790901,86.76,0.0833,1416.342,6553600,78643200,5.3312,64000000000.0,1024000000000.0,64000000000.0,64000000000.0,64.0,0.3332,86.79342395316064,7.229892215298282
l1_matrix_add,128,32,8192,16384,2,4,1,32,256,64.0,512.0,19.044021282716656,44.63,0.0833,344.129,6553600,78643200,42.6496,512000000000.0,1024000000000.0,512000000000.0,64000000000.0,64.0,21.3248,44.65228579568544,29.756283254244774
l1_matrix_add,16,32,8192,16384,2,8,1,32,256,64.0,64.0,4.593878847100156,86.14,0.0833,1426.594,6553600,78643200,5.3312,64000000000.0,1024000000000.0,64000000000.0,64000000000.0,64.0,0.3332,86.16969626163258,7.177935698593994
l1_matrix_add,128,32,8192,16384,2,8,1,32,256,64.0,512.0,18.29689458681505,42.88,0.0833,358.181,6553600,78643200,42.6496,512000000000.0,1024000000000.0,512000000000.0,64000000000.0,64.0,21.3248,42.900506890604014,28.588897791898514
l1_matrix_add,16,32,8192,16384,2,16,1,32,256,64.0,64.0,4.523199202697797,84.81,0.0833,1448.886,6553600,78643200,5.3312,64000000000.0,1024000000000.0,64000000000.0,64000000000.0,64.0,0.3332,84.84392261963156,7.0674987542153085
l1_matrix_add,128,32,8192,16384,2,16,1,32,256,64.0,512.0,16.992721775814104,39.83,0.0833,385.671,6553600,78643200,42.6496,512000000000.0,1024000000000.0,512000000000.0,64000000000.0,64.0,21.3248,39.84262871354973,26.55112777470954
l1_matrix_add,16,32,8192,16384,2,1,1,64,32,64.0,64.0,3.2441797723886325,60.83,0.0833,2020.11,6553600,78643200,5.3312,64000000000.0,256000000000.0,64000000000.0,64000000000.0,21.3248,2.6656,60.85271181701367,15.213177954253418
l1_matrix_add,128,32,8192,16384,2,1,1,64,32,64.0,256.0,6.568859460526804,30.79,0.0833,997.677,6553600,78643200,21.3248,512000000000.0,256000000000.0,256000000000.0,64000000000.0,21.3248,64.0,30.803850261323923,30.803850261323923
l1_matrix_add,16,32,8192,16384,2,2,1,64,32,64.0,64.0,3.2496153428493937,60.93,0.0833,2016.731,6553600,78643200,5.3312,64000000000.0,256000000000.0,64000000000.0,64000000000.0,21.3248,2.6656,60.95466954624463,15.238667386561158
l1_matrix_add,128,32,8192,16384,2,2,1,64,32,64.0,256.0,6.59118292503857,30.9,0.0833,994.298,6553600,78643200,21.3248,512000000000.0,256000000000.0,256000000000.0,64000000000.0,21.3248,64.0,30.908533374468085,30.908533374468085
l1_matrix_add,16,32,8192,16384,2,4,1,64,32,64.0,64.0,3.2560346390892083,61.05,0.0833,2012.755,6553600,78643200,5.3312,64000000000.0,256000000000.0,64000000000.0,64000000000.0,21.3248,2.6656,61.07507951472855,15.268769878682138
l1_matrix_add,128,32,8192,16384,2,4,1,64,32,64.0,256.0,6.6176455738638555,31.02,0.0833,990.322,6553600,78643200,21.3248,512000000000.0,256000000000.0,256000000000.0,64000000000.0,21.3248,64.0,31.03262667815809,31.03262667815809
l1_matrix_add,16,32,8192,16384,2,8,1,64,32,64.0,64.0,3.27248196005371,61.36,0.0833,2002.639,6553600,78643200,5.3312,64000000000.0,256000000000.0,64000000000.0,64000000000.0,21.3248,2.6656,61.38359018708189,15.345897546770473
l1_matrix_add,128,32,8192,16384,2,8,1,64,32,64.0,256.0,6.685941526577067,31.34,0.0833,980.206,6553600,78643200,21.3248,512000000000.0,256000000000.0,256000000000.0,64000000000.0,21.3248,64.0,31.352892062655062,31.352892062655062
l1_matrix_add,16,32,8192,16384,2,16,1,64,32,64.0,64.0,3.2922918794386993,61.73,0.0833,1990.589,6553600,78643200,5.3312,64000000000.0,256000000000.0,64000000000.0,64000000000.0,21.3248,2.6656,61.75517480939937,15.438793702349843
l1_matrix_add,128,32,8192,16384,2,16,1,64,32,64.0,256.0,6.700296286905511,31.41,0.0833,978.106,6553600,78643200,21.3248,512000000000.0,256000000000.0,256000000000.0,64000000000.0,21.3248,64.0,31.420206927640635,31.420206927640635
l1_matrix_add,16,32,8192,16384,2,1,1,64,64,64.0,64.0,4.0114020381418625,75.21,0.0833,1633.743,6553600,78643200,5.3312,64000000000.0,512000000000.0,64000000000.0,64000000000.0,42.6496,1.3328,75.24388576946771,9.405485721183464
l1_matrix_add,128,32,8192,16384,2,1,1,64,64,64.0,512.0,11.733384896059928,27.5,0.0833,558.543,6553600,78643200,42.6496,512000000000.0,512000000000.0,512000000000.0,64000000000.0,42.6496,64.0,27.51112530026056,27.51112530026056
l1_matrix_add,16,32,8192,16384,2,2,1,64,64,64.0,64.0,4.011367663612154,75.21,0.0833,1633.757,6553600,78643200,5.3312,64000000000.0,512000000000.0,64000000000.0,64000000000.0,42.6496,1.3328,75.24324098912352,9.40540512364044
l1_matrix_add,128,32,8192,16384,2,2,1,64,64,64.0,512.0,11.708063049463068,27.44,0.0833,559.751,6553600,78643200,42.6496,512000000000.0,512000000000.0,512000000000.0,64000000000.0,42.6496,64.0,27.45175347356849,27.45175347356849
l1_matrix_add,16,32,8192,16384,2,4,1,64,64,64.0,64.0,4.011328379156713,75.21,0.0833,1633.773,6553600,78643200,5.3312,64000000000.0,512000000000.0,64000000000.0,64000000000.0,42.6496,1.3328,75.2425041108327,9.405313013854087
l1_matrix_add,128,32,8192,16384,2,4,1,64,64,64.0,512.0,6.427366521517398,15.06,0.0833,1019.64,6553600,78643200,42.6496,512000000000.0,512000000000.0,512000000000.0,64000000000.0,42.6496,64.0,15.070168352147261,15.070168352147261
l1_matrix_add,128,32,8192,16384,2,8,1,64,64,64.0,512.0,11.513521395480398,26.98,0.0833,569.209,6553600,78643200,42.6496,512000000000.0,512000000000.0,512000000000.0,64000000000.0,42.6496,64.0,26.995614016263687,26.995614016263687
l1_matrix_add,16,32,8192,16384,2,16,1,64,64,64.0,64.0,3.9860449500527944,74.74,0.0833,1644.136,6553600,78643200,5.3312,64000000000.0,512000000000.0,64000000000.0,64000000000.0,42.6496,1.3328,74.7682501135353,9.346031264191913
l1_matrix_add,128,32,8192,16384,2,16,1,64,64,64.0,512.0,10.96890058262242,25.71,0.0833,597.471,6553600,78643200,42.6496,512000000000.0,512000000000.0,512000000000.0,64000000000.0,42.6496,64.0,25.718648199801216,25.718648199801216
l1_matrix_add,16,32,8192,16384,2,1,1,64,128,64.0,64.0,4.427680298457649,83.02,0.0833,1480.143,6553600,78643200,5.3312,64000000000.0,1024000000000.0,64000000000.0,64000000000.0,64.0,0.6664,83.0522264866756,6.918250466340077
l1_matrix_add,128,32,8192,16384,2,1,1,64,128,64.0,512.0,4.720800957183886,11.06,0.0833,1388.239,6553600,78643200,42.6496,512000000000.0,1024000000000.0,512000000000.0,64000000000.0,64.0,42.6496,11.068804765305854,7.3762514955998215
l1_matrix_add,16,32,8192,16384,2,2,1,64,128,64.0,64.0,4.424069649934418,82.95,0.0833,1481.351,6553600,78643200,5.3312,64000000000.0,1024000000000.0,64000000000.0,64000000000.0,64.0,0.6664,82.98449973616479,6.9126088280225275
l1_matrix_add,128,32,8192,16384,2,2,1,64,128,64.0,512.0,16.08857356786017,37.71,0.0833,407.345,6553600,78643200,42.6496,512000000000.0,1024000000000.0,512000000000.0,64000000000.0,64.0,42.6496,37.72268337302148,25.138396199781514
l1_matrix_add,16,32,8192,16384,2,4,1,64,128,64.0,64.0,4.41867364276275,82.85,0.0833,1483.16,6553600,78643200,5.3312,64000000000.0,1024000000000.0,64000000000.0,64000000000.0,64.0,0.6664,82.88328411544774,6.904177566816797
l1_matrix_add,128,32,8192,16384,2,4,1,64,128,64.0,512.0,15.947555280851304,37.38,0.0833,410.947,6553600,78643200,42.6496,512000000000.0,1024000000000.0,512000000000.0,64000000000.0,64.0,42.6496,37.39203950529736,24.918055126330163
l1_matrix_add,16,32,8192,16384,2,8,1,64,128,64.0,64.0,4.396589315783472,82.44,0.0833,1490.61,6553600,78643200,5.3312,64000000000.0,1024000000000.0,64000000000.0,64000000000.0,64.0,0.6664,82.46903728585444,6.8696708059116744
l1_matrix_add,128,32,8192,16384,2,8,1,64,128,64.0,512.0,15.406423888231963,36.11,0.0833,425.381,6553600,78643200,42.6496,512000000000.0,1024000000000.0,512000000000.0,64000000000.0,64.0,42.6496,36.123255290159726,24.072537325362443
l1_matrix_add,16,32,8192,16384,2,16,1,64,128,64.0,64.0,4.331807347733032,81.22,0.0833,1512.902,6553600,78643200,5.3312,64000000000.0,1024000000000.0,64000000000.0,64000000000.0,64.0,0.6664,81.25388932572464,6.768448980832862
l1_matrix_add,128,32,8192,16384,2,16,1,64,128,64.0,512.0,14.251014962956843,33.4,0.0833,459.869,6553600,78643200,42.6496,512000000000.0,1024000000000.0,512000000000.0,64000000000.0,64.0,42.6496,33.41418199222699,22.267210879620066
l1_matrix_add,16,32,8192,16384,2,1,1,64,256,64.0,64.0,4.651483007991188,87.22,0.0833,1408.927,6553600,78643200,5.3312,64000000000.0,2048000000000.0,64000000000.0,64000000000.0,64.0,0.3332,87.25020648242774,7.267942199986231
l1_matrix_add,128,32,8192,16384,2,1,1,64,256,64.0,512.0,19.637607984969755,46.03,0.0833,333.727,6553600,78643200,42.6496,512000000000.0,2048000000000.0,512000000000.0,64000000000.0,64.0,21.3248,46.044061339308584,30.68376247651524
l1_matrix_add,16,32,8192,16384,2,2,1,64,256,64.0,64.0,4.640262147622305,87.0,0.0833,1412.334,6553600,78643200,5.3312,64000000000.0,2048000000000.0,64000000000.0,64000000000.0,64.0,0.3332,87.03973116038239,7.250409605659852
l1_matrix_add,128,32,8192,16384,2,2,1,64,256,64.0,512.0,19.370551654016225,45.4,0.0833,338.328,6553600,78643200,42.6496,512000000000.0,2048000000000.0,512000000000.0,64000000000.0,64.0,21.3248,45.41789759813979,30.266486959400353
l1_matrix_add,16,32,8192,16384,2,4,1,64,256,64.0,64.0,3.2441797723886325,60.83,0.0833,2020.11,6553600,78643200,5.3312,64000000000.0,2048000000000.0,64000000000.0,64000000000.0,64.0,0.3332,60.85271181701367,5.069030894357239
l1_matrix_add,128,32,8192,16384,2,4,1,64,256,64.0,512.0,19.044021282716656,44.63,0.0833,344.129,6553600,78643200,42.6496,512000000000.0,2048000000000.0,512000000000.0,64000000000.0,64.0,21.3248,44.65228579568544,29.756283254244774
l1_matrix_add,16,32,8192,16384,2,8,1,64,256,64.0,64.0,4.593878847100156,86.14,0.0833,1426.594,6553600,78643200,5.3312,64000000000.0,2048000000000.0,64000000000.0,64000000000.0,64.0,0.3332,86.16969626163258,7.177935698593994
l1_matrix_add,128,32,8192,16384,2,8,1,64,256,64.0,512.0,18.29689458681505,42.88,0.0833,358.181,6553600,78643200,42.6496,512000000000.0,2048000000000.0,512000000000.0,64000000000.0,64.0,21.3248,42.900506890604014,28.588897791898514
l1_matrix_add,16,32,8192,16384,2,16,1,64,256,64.0,64.0,4.523199202697797,84.81,0.0833,1448.886,6553600,78643200,5.3312,64000000000.0,2048000000000.0,64000000000.0,64000000000.0,64.0,0.3332,84.84392261963156,7.0674987542153085
l1_matrix_add,128,32,8192,16384,2,16,1,64,256,64.0,512.0,4.662128034943197,10.93,0.0833,1405.71,6553600,78643200,42.6496,512000000000.0,2048000000000.0,512000000000.0,64000000000.0,64.0,21.3248,10.93123507592849,7.284575054598745
l1_matrix_add,16,32,8192,16384,2,1,1,32,32,64.0,64.0,4.586327096322247,85.99,0.0833,1428.943,6553600,78643200,5.3312,64000000000.0,128000000000.0,64000000000.0,64000000000.0,10.6624,2.6656,86.02804427375163,43.014022136875816
l1_matrix_add,16,32,8192,16384,2,2,1,32,32,64.0,64.0,3.2496153428493937,60.93,0.0833,2016.731,6553600,78643200,5.3312,64000000000.0,128000000000.0,64000000000.0,64000000000.0,10.6624,2.6656,60.95466954624463,30.477334773122315
l1_matrix_add,16,32,8192,16384,2,2,1,32,32,64.0,64.0,3.2496153428493937,60.93,0.0833,2016.731,6553600,78643200,5.3312,64000000000.0,128000000000.0,64000000000.0,64000000000.0,10.6624,2.6656,60.95466954624463,30.477334773122315
l1_matrix_add,16,32,8192,16384,2,1,1,32,32,64.0,64.0,3.2441797723886325,60.83,0.0833,2020.11,6553600,78643200,5.3312,64000000000.0,128000000000.0,64000000000.0,64000000000.0,10.6624,2.6656,60.85271181701367,30.426355908506835
l1_matrix_add,16,32,8192,16384,2,8,1,32,32,64.0,64.0,3.27248196005371,61.36,0.0833,2002.639,6553600,78643200,5.3312,64000000000.0,128000000000.0,64000000000.0,64000000000.0,10.6624,2.6656,61.38359018708189,30.691795093540946
